板块名称,主力资金净流入(亿),时间,趋势
减速器,49.88,2026-05-15,↑ 净流入
人形机器人,36.23,2026-05-15,↑ 净流入
机器人执行器,34.45,2026-05-15,↑ 净流入
华为汽车,26.68,2026-05-15,↑ 净流入
汽车零部件,25.13,2026-05-15,↑ 净流入
汽车热管理,24.70,2026-05-15,↑ 净流入
化工原料,22.59,2026-05-15,↑ 净流入
氟化工,22.39,2026-05-15,↑ 净流入
空气能热泵,21.62,2026-05-15,↑ 净流入
逆变器,21.03,2026-05-15,↑ 净流入
化学制品,20.52,2026-05-15,↑ 净流入
氟化工概念,19.09,2026-05-15,↑ 净流入
机器人,18.45,2026-05-15,↑ 净流入
机械设备,18.17,2026-05-15,↑ 净流入
金属制品,17.24,2026-05-15,↑ 净流入
家用电器,14.95,2026-05-15,↑ 净流入
电机Ⅲ,14.80,2026-05-15,↑ 净流入
电机Ⅱ,14.80,2026-05-15,↑ 净流入
PVDF概念,14.71,2026-05-15,↑ 净流入
家电零部件Ⅲ,14.43,2026-05-15,↑ 净流入
家电零部件Ⅱ,14.43,2026-05-15,↑ 净流入
传媒,14.21,2026-05-15,↑ 净流入
通用设备,13.04,2026-05-15,↑ 净流入
配电设备,12.46,2026-05-15,↑ 净流入
底盘与发动机系统,12.36,2026-05-15,↑ 净流入
汽车,11.70,2026-05-15,↑ 净流入
冷链物流,11.47,2026-05-15,↑ 净流入
汽车一体化压铸,11.46,2026-05-15,↑ 净流入
广告营销,11.12,2026-05-15,↑ 净流入
长电科技,10.98,2026-05-15,↑ 净流入
营销代理,10.97,2026-05-15,↑ 净流入
五洲新春,9.17,2026-05-15,↑ 净流入
PLC概念,8.98,2026-05-15,↑ 净流入
集成电路封测,8.87,2026-05-15,↑ 净流入
自动化设备,8.86,2026-05-15,↑ 净流入
稀土,8.85,2026-05-15,↑ 净流入
工控设备,7.91,2026-05-15,↑ 净流入
车身附件及饰件,7.86,2026-05-15,↑ 净流入
半导体设备,7.81,2026-05-15,↑ 净流入
小红书概念,7.32,2026-05-15,↑ 净流入
快手概念,7.31,2026-05-15,↑ 净流入
核污染防治,7.27,2026-05-15,↑ 净流入
兆易创新,7.23,2026-05-15,↑ 净流入
虚拟数字人,7.13,2026-05-15,↑ 净流入
机器视觉,6.92,2026-05-15,↑ 净流入
AI语料,6.74,2026-05-15,↑ 净流入
拓普集团,6.44,2026-05-15,↑ 净流入
仪器仪表,5.87,2026-05-15,↑ 净流入
彩票概念,5.61,2026-05-15,↑ 净流入
体育产业,5.57,2026-05-15,↑ 净流入
基础化工,5.15,2026-05-15,↑ 净流入
通信服务,5.07,2026-05-15,↑ 净流入
大唐发电,5.02,2026-05-15,↑ 净流入
大众出版,4.73,2026-05-15,↑ 净流入
动力煤,4.71,2026-05-15,↑ 净流入
出版,4.68,2026-05-15,↑ 净流入
合成树脂,4.65,2026-05-15,↑ 净流入
汽车电子电气系统,4.61,2026-05-15,↑ 净流入
煤炭开采,4.56,2026-05-15,↑ 净流入
煤炭,4.48,2026-05-15,↑ 净流入
白色家电,4.39,2026-05-15,↑ 净流入
空调,4.26,2026-05-15,↑ 净流入
净水概念,3.84,2026-05-15,↑ 净流入
家居用品,3.61,2026-05-15,↑ 净流入
昭衍新药,3.60,2026-05-15,↑ 净流入
大业股份,3.55,2026-05-15,↑ 净流入
新泉股份,3.54,2026-05-15,↑ 净流入
江化微,3.51,2026-05-15,↑ 净流入
轻工制造,3.47,2026-05-15,↑ 净流入
北方稀土,3.39,2026-05-15,↑ 净流入
中国石油,3.27,2026-05-15,↑ 净流入
万通发展,3.26,2026-05-15,↑ 净流入
中国神华,3.23,2026-05-15,↑ 净流入
昨日炸板,3.17,2026-05-15,↑ 净流入
中国电信,3.00,2026-05-15,↑ 净流入
其他专用设备,2.99,2026-05-15,↑ 净流入
同步磁阻电机,2.98,2026-05-15,↑ 净流入
电信运营商,2.97,2026-05-15,↑ 净流入
卧龙电驱,2.95,2026-05-15,↑ 净流入
波导股份,2.94,2026-05-15,↑ 净流入
石油石化,2.91,2026-05-15,↑ 净流入
电子竞技,2.80,2026-05-15,↑ 净流入
昨日触板,2.72,2026-05-15,↑ 净流入
引力传媒,2.58,2026-05-15,↑ 净流入
粤港自贸,2.49,2026-05-15,↑ 净流入
工程机械,2.46,2026-05-15,↑ 净流入
长江电力,2.45,2026-05-15,↑ 净流入
其他专业工程,2.39,2026-05-15,↑ 净流入
清洁小家电,2.28,2026-05-15,↑ 净流入
飞行汽车(eVTOL),2.28,2026-05-15,↑ 净流入
均胜电子,2.24,2026-05-15,↑ 净流入
无机盐,2.15,2026-05-15,↑ 净流入
地下管网,2.13,2026-05-15,↑ 净流入
维科技术,2.08,2026-05-15,↑ 净流入
生物识别,2.08,2026-05-15,↑ 净流入
有机硅概念,2.00,2026-05-15,↑ 净流入
法拉电子,1.98,2026-05-15,↑ 净流入
尾气治理,1.98,2026-05-15,↑ 净流入
浦发银行,1.96,2026-05-15,↑ 净流入
门户网站,1.94,2026-05-15,↑ 净流入
核力发电,1.92,2026-05-15,↑ 净流入
金石资源,1.91,2026-05-15,↑ 净流入
油气开采Ⅲ,1.90,2026-05-15,↑ 净流入
油气开采Ⅱ,1.90,2026-05-15,↑ 净流入
中国海油,1.88,2026-05-15,↑ 净流入
小家电,1.88,2026-05-15,↑ 净流入
数字媒体,1.86,2026-05-15,↑ 净流入
中贝通信,1.80,2026-05-15,↑ 净流入
小商品城,1.77,2026-05-15,↑ 净流入
成品家居,1.76,2026-05-15,↑ 净流入
资源开采概念,1.73,2026-05-15,↑ 净流入
华懋科技,1.69,2026-05-15,↑ 净流入
司太立,1.65,2026-05-15,↑ 净流入
商业物业经营,1.61,2026-05-15,↑ 净流入
生物股份,1.58,2026-05-15,↑ 净流入
再升科技,1.53,2026-05-15,↑ 净流入
广汇能源,1.48,2026-05-15,↑ 净流入
精达股份,1.47,2026-05-15,↑ 净流入
化学原料,1.46,2026-05-15,↑ 净流入
工程机械器件,1.43,2026-05-15,↑ 净流入
至纯科技,1.42,2026-05-15,↑ 净流入
中国核电,1.41,2026-05-15,↑ 净流入
恒立液压,1.39,2026-05-15,↑ 净流入
户外露营,1.39,2026-05-15,↑ 净流入
骏亚科技,1.37,2026-05-15,↑ 净流入
信捷电气,1.34,2026-05-15,↑ 净流入
中马传动,1.34,2026-05-15,↑ 净流入
裸眼3D,1.33,2026-05-15,↑ 净流入
通信工程及服务,1.32,2026-05-15,↑ 净流入
其他自动化设备,1.32,2026-05-15,↑ 净流入
瓷砖地板,1.32,2026-05-15,↑ 净流入
四方股份,1.31,2026-05-15,↑ 净流入
娱乐用品,1.28,2026-05-15,↑ 净流入
动物保健Ⅲ,1.28,2026-05-15,↑ 净流入
动物保健Ⅱ,1.28,2026-05-15,↑ 净流入
炼油化工,1.28,2026-05-15,↑ 净流入
中国船舶,1.27,2026-05-15,↑ 净流入
水力发电,1.26,2026-05-15,↑ 净流入
锡华科技,1.26,2026-05-15,↑ 净流入
柏诚股份,1.26,2026-05-15,↑ 净流入
综合电力设备商,1.21,2026-05-15,↑ 净流入
大元泵业,1.20,2026-05-15,↑ 净流入
建筑节能,1.20,2026-05-15,↑ 净流入
傲农生物,1.19,2026-05-15,↑ 净流入
退税商店,1.17,2026-05-15,↑ 净流入
滨化股份,1.14,2026-05-15,↑ 净流入
京沪高铁,1.12,2026-05-15,↑ 净流入
C长裕,1.11,2026-05-15,↑ 净流入
浙文互联,1.10,2026-05-15,↑ 净流入
鸣志电器,1.09,2026-05-15,↑ 净流入
氨纶,1.09,2026-05-15,↑ 净流入
红豆股份,1.08,2026-05-15,↑ 净流入
华康股份,1.07,2026-05-15,↑ 净流入
金发科技,1.07,2026-05-15,↑ 净流入
泰晶科技,1.06,2026-05-15,↑ 净流入
通达电气,1.05,2026-05-15,↑ 净流入
工程机械整机,1.04,2026-05-15,↑ 净流入
代糖概念,0.99,2026-05-15,↑ 净流入
星宇股份,0.98,2026-05-15,↑ 净流入
东方电气,0.96,2026-05-15,↑ 净流入
油品石化贸易,0.96,2026-05-15,↑ 净流入
恒润股份,0.94,2026-05-15,↑ 净流入
DR浙江荣,0.92,2026-05-15,↑ 净流入
文娱用品,0.91,2026-05-15,↑ 净流入
建设机械,0.91,2026-05-15,↑ 净流入
AI制药（医疗）,0.91,2026-05-15,↑ 净流入
尚纬股份,0.90,2026-05-15,↑ 净流入
中国银行,0.89,2026-05-15,↑ 净流入
房屋检测,0.88,2026-05-15,↑ 净流入
2025三季报扭亏,0.85,2026-05-15,↑ 净流入
黑牡丹,0.83,2026-05-15,↑ 净流入
建设银行,0.82,2026-05-15,↑ 净流入
工程机械概念,0.82,2026-05-15,↑ 净流入
氮肥,0.81,2026-05-15,↑ 净流入
铁路运输,0.80,2026-05-15,↑ 净流入
柯力传感,0.80,2026-05-15,↑ 净流入
通信应用增值服务,0.78,2026-05-15,↑ 净流入
其他运输设备,0.77,2026-05-15,↑ 净流入
印刷包装机械,0.76,2026-05-15,↑ 净流入
中煤能源,0.76,2026-05-15,↑ 净流入
圣晖集成,0.76,2026-05-15,↑ 净流入
服装家纺,0.74,2026-05-15,↑ 净流入
澄星股份,0.73,2026-05-15,↑ 净流入
油服工程,0.72,2026-05-15,↑ 净流入
博威合金,0.72,2026-05-15,↑ 净流入
电子身份证,0.70,2026-05-15,↑ 净流入
其他通用设备,0.68,2026-05-15,↑ 净流入
巍华新材,0.68,2026-05-15,↑ 净流入
工业大麻,0.67,2026-05-15,↑ 净流入
复合肥,0.66,2026-05-15,↑ 净流入
昨日打二板以上表现,0.66,2026-05-15,↑ 净流入
科沃斯,0.65,2026-05-15,↑ 净流入
鲁银投资,0.64,2026-05-15,↑ 净流入
海鸥股份,0.63,2026-05-15,↑ 净流入
中视传媒,0.63,2026-05-15,↑ 净流入
包装印刷,0.63,2026-05-15,↑ 净流入
东风科技,0.62,2026-05-15,↑ 净流入
丰林集团,0.62,2026-05-15,↑ 净流入
食品及饲料添加剂,0.62,2026-05-15,↑ 净流入
其他汽车零部件,0.61,2026-05-15,↑ 净流入
兴发集团,0.58,2026-05-15,↑ 净流入
海立股份,0.58,2026-05-15,↑ 净流入
特钢Ⅲ,0.57,2026-05-15,↑ 净流入
特钢Ⅱ,0.57,2026-05-15,↑ 净流入
图片媒体,0.57,2026-05-15,↑ 净流入
油气及炼化工程,0.56,2026-05-15,↑ 净流入
XD有友食,0.56,2026-05-15,↑ 净流入
石大胜华,0.56,2026-05-15,↑ 净流入
星德胜,0.55,2026-05-15,↑ 净流入
福能股份,0.54,2026-05-15,↑ 净流入
陕西煤业,0.54,2026-05-15,↑ 净流入
华建集团,0.52,2026-05-15,↑ 净流入
共创草坪,0.52,2026-05-15,↑ 净流入
申能股份,0.51,2026-05-15,↑ 净流入
长城科技,0.50,2026-05-15,↑ 净流入
纸包装,0.50,2026-05-15,↑ 净流入
三祥新材,0.50,2026-05-15,↑ 净流入
铁路公路,0.50,2026-05-15,↑ 净流入
浙能电力,0.49,2026-05-15,↑ 净流入
冠豪高新,0.49,2026-05-15,↑ 净流入
塑料包装,0.48,2026-05-15,↑ 净流入
中稀有色,0.48,2026-05-15,↑ 净流入
海南矿业,0.46,2026-05-15,↑ 净流入
印刷,0.46,2026-05-15,↑ 净流入
锦纶,0.46,2026-05-15,↑ 净流入
润达医疗,0.46,2026-05-15,↑ 净流入
东风股份,0.46,2026-05-15,↑ 净流入
橡胶,0.46,2026-05-15,↑ 净流入
鼎胜新材,0.44,2026-05-15,↑ 净流入
胶黏剂及胶带,0.43,2026-05-15,↑ 净流入
其他家电Ⅲ,0.42,2026-05-15,↑ 净流入
其他家电Ⅱ,0.42,2026-05-15,↑ 净流入
涪陵电力,0.42,2026-05-15,↑ 净流入
园林工程,0.41,2026-05-15,↑ 净流入
泛微网络,0.41,2026-05-15,↑ 净流入
盛和资源,0.41,2026-05-15,↑ 净流入
博迁新材,0.41,2026-05-15,↑ 净流入
短剧互动游戏,0.41,2026-05-15,↑ 净流入
首开股份,0.40,2026-05-15,↑ 净流入
彤程新材,0.40,2026-05-15,↑ 净流入
爱柯迪,0.40,2026-05-15,↑ 净流入
改性塑料,0.39,2026-05-15,↑ 净流入
鞋帽及其他,0.38,2026-05-15,↑ 净流入
华夏银行,0.38,2026-05-15,↑ 净流入
吉视传媒,0.38,2026-05-15,↑ 净流入
博敏电子,0.38,2026-05-15,↑ 净流入
广西板块,0.37,2026-05-15,↑ 净流入
快克智能,0.37,2026-05-15,↑ 净流入
中国东航,0.37,2026-05-15,↑ 净流入
君正集团,0.36,2026-05-15,↑ 净流入
新坐标,0.36,2026-05-15,↑ 净流入
安琪酵母,0.36,2026-05-15,↑ 净流入
杭州银行,0.35,2026-05-15,↑ 净流入
中国软件,0.35,2026-05-15,↑ 净流入
亚翔集成,0.35,2026-05-15,↑ 净流入
南威软件,0.35,2026-05-15,↑ 净流入
华新精科,0.35,2026-05-15,↑ 净流入
橡胶助剂,0.34,2026-05-15,↑ 净流入
定制家居,0.34,2026-05-15,↑ 净流入
振华股份,0.33,2026-05-15,↑ 净流入
哈森股份,0.33,2026-05-15,↑ 净流入
海尔智家,0.33,2026-05-15,↑ 净流入
龙溪股份,0.33,2026-05-15,↑ 净流入
炭黑,0.32,2026-05-15,↑ 净流入
畜禽饲料,0.32,2026-05-15,↑ 净流入
三人行,0.32,2026-05-15,↑ 净流入
北投科技,0.31,2026-05-15,↑ 净流入
科森科技,0.31,2026-05-15,↑ 净流入
申达股份,0.31,2026-05-15,↑ 净流入
赛轮轮胎,0.31,2026-05-15,↑ 净流入
腾龙股份,0.30,2026-05-15,↑ 净流入
医院,0.29,2026-05-15,↑ 净流入
湖南天雁,0.29,2026-05-15,↑ 净流入
佳力图,0.29,2026-05-15,↑ 净流入
水务及水治理,0.29,2026-05-15,↑ 净流入
华塑股份,0.29,2026-05-15,↑ 净流入
德才股份,0.29,2026-05-15,↑ 净流入
金海通,0.28,2026-05-15,↑ 净流入
能科科技,0.28,2026-05-15,↑ 净流入
炼化及贸易,0.28,2026-05-15,↑ 净流入
其他医疗服务,0.28,2026-05-15,↑ 净流入
上海银行,0.28,2026-05-15,↑ 净流入
麒盛科技,0.27,2026-05-15,↑ 净流入
绿色动力,0.27,2026-05-15,↑ 净流入
华勤技术,0.27,2026-05-15,↑ 净流入
其他化学原料,0.27,2026-05-15,↑ 净流入
福达股份,0.26,2026-05-15,↑ 净流入
管材,0.26,2026-05-15,↑ 净流入
奇精机械,0.26,2026-05-15,↑ 净流入
新集能源,0.26,2026-05-15,↑ 净流入
广东明珠,0.26,2026-05-15,↑ 净流入
南京高科,0.26,2026-05-15,↑ 净流入
中国电影,0.26,2026-05-15,↑ 净流入
赤天化,0.26,2026-05-15,↑ 净流入
华远控股,0.26,2026-05-15,↑ 净流入
长龄液压,0.25,2026-05-15,↑ 净流入
格林达,0.25,2026-05-15,↑ 净流入
中毅达,0.25,2026-05-15,↑ 净流入
股权转让,0.25,2026-05-15,↑ 净流入
上海电气,0.25,2026-05-15,↑ 净流入
凯众股份,0.25,2026-05-15,↑ 净流入
红星发展,0.25,2026-05-15,↑ 净流入
南京银行,0.24,2026-05-15,↑ 净流入
淮北矿业,0.24,2026-05-15,↑ 净流入
上海沿浦,0.24,2026-05-15,↑ 净流入
华鲁恒升,0.24,2026-05-15,↑ 净流入
东航物流,0.24,2026-05-15,↑ 净流入
晨光新材,0.24,2026-05-15,↑ 净流入
中盐化工,0.24,2026-05-15,↑ 净流入
圣龙股份,0.24,2026-05-15,↑ 净流入
新疆火炬,0.24,2026-05-15,↑ 净流入
华发股份,0.23,2026-05-15,↑ 净流入
富春染织,0.23,2026-05-15,↑ 净流入
ST喜临门,0.23,2026-05-15,↑ 净流入
天津港,0.23,2026-05-15,↑ 净流入
非运动服装,0.23,2026-05-15,↑ 净流入
重庆燃气,0.23,2026-05-15,↑ 净流入
元利科技,0.23,2026-05-15,↑ 净流入
岱美股份,0.22,2026-05-15,↑ 净流入
国新能源,0.22,2026-05-15,↑ 净流入
铁流股份,0.22,2026-05-15,↑ 净流入
海信视像,0.22,2026-05-15,↑ 净流入
北自科技,0.22,2026-05-15,↑ 净流入
云赛智联,0.22,2026-05-15,↑ 净流入
旭升集团,0.22,2026-05-15,↑ 净流入
威龙股份,0.22,2026-05-15,↑ 净流入
防水材料,0.22,2026-05-15,↑ 净流入
三维股份,0.21,2026-05-15,↑ 净流入
新宏泰,0.21,2026-05-15,↑ 净流入
海天精工,0.21,2026-05-15,↑ 净流入
德昌股份,0.21,2026-05-15,↑ 净流入
益丰药房,0.21,2026-05-15,↑ 净流入
印染,0.21,2026-05-15,↑ 净流入
浙大网新,0.21,2026-05-15,↑ 净流入
其他家居用品,0.21,2026-05-15,↑ 净流入
*ST亚振,0.21,2026-05-15,↑ 净流入
宏柏新材,0.21,2026-05-15,↑ 净流入
首发经济,0.20,2026-05-15,↑ 净流入
新天然气,0.20,2026-05-15,↑ 净流入
汽车服务,0.20,2026-05-15,↑ 净流入
深圳燃气,0.20,2026-05-15,↑ 净流入
晶华新材,0.20,2026-05-15,↑ 净流入
医疗服务,0.20,2026-05-15,↑ 净流入
歌华有线,0.20,2026-05-15,↑ 净流入
Kimi概念,0.20,2026-05-15,↑ 净流入
有机硅,0.20,2026-05-15,↑ 净流入
常青科技,0.20,2026-05-15,↑ 净流入
国投电力,0.20,2026-05-15,↑ 净流入
川投能源,0.20,2026-05-15,↑ 净流入
杭萧钢构,0.19,2026-05-15,↑ 净流入
化妆品制造及其他,0.19,2026-05-15,↑ 净流入
浙江医药,0.19,2026-05-15,↑ 净流入
中国移动,0.18,2026-05-15,↑ 净流入
雅运股份,0.18,2026-05-15,↑ 净流入
菲林格尔,0.18,2026-05-15,↑ 净流入
麦迪科技,0.17,2026-05-15,↑ 净流入
春风动力,0.17,2026-05-15,↑ 净流入
其他建材Ⅲ,0.17,2026-05-15,↑ 净流入
华之杰,0.17,2026-05-15,↑ 净流入
华阳股份,0.17,2026-05-15,↑ 净流入
九牧王,0.17,2026-05-15,↑ 净流入
西藏旅游,0.17,2026-05-15,↑ 净流入
天创时尚,0.17,2026-05-15,↑ 净流入
继峰股份,0.16,2026-05-15,↑ 净流入
中国外运,0.16,2026-05-15,↑ 净流入
油田服务,0.16,2026-05-15,↑ 净流入
弘元绿能,0.16,2026-05-15,↑ 净流入
诚邦股份,0.16,2026-05-15,↑ 净流入
博通集成,0.16,2026-05-15,↑ 净流入
欧派家居,0.16,2026-05-15,↑ 净流入
豪威集团,0.16,2026-05-15,↑ 净流入
上海建工,0.16,2026-05-15,↑ 净流入
中体产业,0.16,2026-05-15,↑ 净流入
中海油服,0.15,2026-05-15,↑ 净流入
广告媒体,0.15,2026-05-15,↑ 净流入
华能水电,0.15,2026-05-15,↑ 净流入
凌云股份,0.15,2026-05-15,↑ 净流入
供销社概念,0.15,2026-05-15,↑ 净流入
兰花科创,0.15,2026-05-15,↑ 净流入
华域汽车,0.14,2026-05-15,↑ 净流入
ST美克,0.14,2026-05-15,↑ 净流入
康欣新材,0.14,2026-05-15,↑ 净流入
北巴传媒,0.14,2026-05-15,↑ 净流入
睿能科技,0.14,2026-05-15,↑ 净流入
冰洗,0.13,2026-05-15,↑ 净流入
平煤股份,0.13,2026-05-15,↑ 净流入
水产饲料,0.13,2026-05-15,↑ 净流入
综合包装,0.13,2026-05-15,↑ 净流入
体育Ⅲ,0.13,2026-05-15,↑ 净流入
体育Ⅱ,0.13,2026-05-15,↑ 净流入
北辰实业,0.13,2026-05-15,↑ 净流入
新亚强,0.13,2026-05-15,↑ 净流入
晶方科技,0.13,2026-05-15,↑ 净流入
华设集团,0.13,2026-05-15,↑ 净流入
安邦护卫,0.13,2026-05-15,↑ 净流入
万控智造,0.13,2026-05-15,↑ 净流入
农用机械,0.13,2026-05-15,↑ 净流入
渤海化学,0.12,2026-05-15,↑ 净流入
六国化工,0.12,2026-05-15,↑ 净流入
锦和商管,0.12,2026-05-15,↑ 净流入
轮毂电机,0.12,2026-05-15,↑ 净流入
ST绝味,0.12,2026-05-15,↑ 净流入
国联股份,0.12,2026-05-15,↑ 净流入
沧州大化,0.12,2026-05-15,↑ 净流入
九华旅游,0.12,2026-05-15,↑ 净流入
三友化工,0.12,2026-05-15,↑ 净流入
南卫股份,0.11,2026-05-15,↑ 净流入
九州通,0.11,2026-05-15,↑ 净流入
钛白粉,0.11,2026-05-15,↑ 净流入
重庆银行,0.11,2026-05-15,↑ 净流入
汽车经销商,0.11,2026-05-15,↑ 净流入
豪能股份,0.11,2026-05-15,↑ 净流入
安彩高科,0.11,2026-05-15,↑ 净流入
唐山港,0.11,2026-05-15,↑ 净流入
天域生物,0.11,2026-05-15,↑ 净流入
国泰集团,0.11,2026-05-15,↑ 净流入
长沙银行,0.11,2026-05-15,↑ 净流入
耀皮玻璃,0.11,2026-05-15,↑ 净流入
大唐电信,0.10,2026-05-15,↑ 净流入
恒通股份,0.10,2026-05-15,↑ 净流入
中持股份,0.10,2026-05-15,↑ 净流入
金煤科技,0.10,2026-05-15,↑ 净流入
神马股份,0.10,2026-05-15,↑ 净流入
必得科技,0.10,2026-05-15,↑ 净流入
其他专业服务,0.10,2026-05-15,↑ 净流入
安井食品,0.10,2026-05-15,↑ 净流入
思维列控,0.10,2026-05-15,↑ 净流入
羚锐制药,0.10,2026-05-15,↑ 净流入
交运股份,0.10,2026-05-15,↑ 净流入
潞化科技,0.10,2026-05-15,↑ 净流入
华荣股份,0.10,2026-05-15,↑ 净流入
科创板做市股,0.10,2026-05-15,↑ 净流入
杭齿前进,0.10,2026-05-15,↑ 净流入
园林股份,0.10,2026-05-15,↑ 净流入
纯碱,0.09,2026-05-15,↑ 净流入
京能置业,0.09,2026-05-15,↑ 净流入
亿嘉和,0.09,2026-05-15,↑ 净流入
预加工食品,0.09,2026-05-15,↑ 净流入
兖矿能源,0.09,2026-05-15,↑ 净流入
汽车综合服务,0.09,2026-05-15,↑ 净流入
华翔股份,0.09,2026-05-15,↑ 净流入
中炬高新,0.09,2026-05-15,↑ 净流入
外服控股,0.09,2026-05-15,↑ 净流入
蔚蓝生物,0.09,2026-05-15,↑ 净流入
爱建集团,0.09,2026-05-15,↑ 净流入
ST中路,0.09,2026-05-15,↑ 净流入
亚普股份,0.09,2026-05-15,↑ 净流入
皇马科技,0.09,2026-05-15,↑ 净流入
康缘药业,0.09,2026-05-15,↑ 净流入
中国出版,0.09,2026-05-15,↑ 净流入
纵横通信,0.09,2026-05-15,↑ 净流入
宁波韵升,0.09,2026-05-15,↑ 净流入
众辰科技,0.08,2026-05-15,↑ 净流入
大众公用,0.08,2026-05-15,↑ 净流入
天马科技,0.08,2026-05-15,↑ 净流入
永创智能,0.08,2026-05-15,↑ 净流入
海天味业,0.08,2026-05-15,↑ 净流入
瀚蓝环境,0.08,2026-05-15,↑ 净流入
天下秀,0.08,2026-05-15,↑ 净流入
新凤鸣,0.08,2026-05-15,↑ 净流入
文投控股,0.08,2026-05-15,↑ 净流入
万东医疗,0.08,2026-05-15,↑ 净流入
品牌消费电子,0.08,2026-05-15,↑ 净流入
舒华体育,0.08,2026-05-15,↑ 净流入
腾达建设,0.08,2026-05-15,↑ 净流入
ST人福,0.08,2026-05-15,↑ 净流入
珠免集团,0.08,2026-05-15,↑ 净流入
乐凯胶片,0.08,2026-05-15,↑ 净流入
深圳新星,0.08,2026-05-15,↑ 净流入
医美服务,0.08,2026-05-15,↑ 净流入
海星股份,0.08,2026-05-15,↑ 净流入
资产管理,0.08,2026-05-15,↑ 净流入
*ST福成,0.08,2026-05-15,↑ 净流入
海欣股份,0.08,2026-05-15,↑ 净流入
乐惠国际,0.08,2026-05-15,↑ 净流入
诺邦股份,0.07,2026-05-15,↑ 净流入
其他数字媒体,0.07,2026-05-15,↑ 净流入
吉华集团,0.07,2026-05-15,↑ 净流入
盛景微,0.07,2026-05-15,↑ 净流入
常熟汽饰,0.07,2026-05-15,↑ 净流入
曙光股份,0.07,2026-05-15,↑ 净流入
天永智能,0.07,2026-05-15,↑ 净流入
ST金花,0.07,2026-05-15,↑ 净流入
燃气Ⅲ,0.07,2026-05-15,↑ 净流入
燃气Ⅱ,0.07,2026-05-15,↑ 净流入
运动服装,0.07,2026-05-15,↑ 净流入
狮头股份,0.07,2026-05-15,↑ 净流入
龙江交通,0.07,2026-05-15,↑ 净流入
隆鑫通用,0.07,2026-05-15,↑ 净流入
福莱蒽特,0.07,2026-05-15,↑ 净流入
皖新传媒,0.07,2026-05-15,↑ 净流入
龙建股份,0.07,2026-05-15,↑ 净流入
我乐家居,0.07,2026-05-15,↑ 净流入
捷昌驱动,0.07,2026-05-15,↑ 净流入
风神股份,0.07,2026-05-15,↑ 净流入
昊华能源,0.07,2026-05-15,↑ 净流入
金帝股份,0.07,2026-05-15,↑ 净流入
兴业股份,0.07,2026-05-15,↑ 净流入
*ST实达,0.07,2026-05-15,↑ 净流入
奥翔药业,0.06,2026-05-15,↑ 净流入
浦东金桥,0.06,2026-05-15,↑ 净流入
航民股份,0.06,2026-05-15,↑ 净流入
键邦股份,0.06,2026-05-15,↑ 净流入
圣泉集团,0.06,2026-05-15,↑ 净流入
日盈电子,0.06,2026-05-15,↑ 净流入
中信银行,0.06,2026-05-15,↑ 净流入
龙旗科技,0.06,2026-05-15,↑ 净流入
家纺,0.06,2026-05-15,↑ 净流入
美思德,0.06,2026-05-15,↑ 净流入
绿能慧充,0.06,2026-05-15,↑ 净流入
伊利股份,0.06,2026-05-15,↑ 净流入
仙鹤股份,0.06,2026-05-15,↑ 净流入
民丰特纸,0.06,2026-05-15,↑ 净流入
万里股份,0.06,2026-05-15,↑ 净流入
康尼机电,0.06,2026-05-15,↑ 净流入
宁波富达,0.06,2026-05-15,↑ 净流入
石化油服,0.06,2026-05-15,↑ 净流入
三力制药,0.06,2026-05-15,↑ 净流入
亚通精工,0.05,2026-05-15,↑ 净流入
福斯达,0.05,2026-05-15,↑ 净流入
中信重工,0.05,2026-05-15,↑ 净流入
迪贝电气,0.05,2026-05-15,↑ 净流入
迪生力,0.05,2026-05-15,↑ 净流入
其他能源发电,0.05,2026-05-15,↑ 净流入
*ST天择,0.05,2026-05-15,↑ 净流入
浦东建设,0.05,2026-05-15,↑ 净流入
房地产综合服务,0.05,2026-05-15,↑ 净流入
珠江股份,0.05,2026-05-15,↑ 净流入
饲料,0.05,2026-05-15,↑ 净流入
万林物流,0.05,2026-05-15,↑ 净流入
豫园股份,0.05,2026-05-15,↑ 净流入
彩蝶实业,0.05,2026-05-15,↑ 净流入
ST龙韵,0.05,2026-05-15,↑ 净流入
云维股份,0.05,2026-05-15,↑ 净流入
圆通速递,0.05,2026-05-15,↑ 净流入
专业连锁Ⅲ,0.05,2026-05-15,↑ 净流入
专业连锁Ⅱ,0.05,2026-05-15,↑ 净流入
山煤国际,0.05,2026-05-15,↑ 净流入
福龙马,0.05,2026-05-15,↑ 净流入
日照港,0.05,2026-05-15,↑ 净流入
齐鲁银行,0.05,2026-05-15,↑ 净流入
博汇纸业,0.05,2026-05-15,↑ 净流入
浙江仙通,0.05,2026-05-15,↑ 净流入
苏博特,0.05,2026-05-15,↑ 净流入
鲁北化工,0.05,2026-05-15,↑ 净流入
广州发展,0.05,2026-05-15,↑ 净流入
东亚药业,0.05,2026-05-15,↑ 净流入
雪龙集团,0.05,2026-05-15,↑ 净流入
国机重装,0.05,2026-05-15,↑ 净流入
超讯通信,0.05,2026-05-15,↑ 净流入
广州港,0.05,2026-05-15,↑ 净流入
长江通信,0.05,2026-05-15,↑ 净流入
友升股份,0.05,2026-05-15,↑ 净流入
建业股份,0.04,2026-05-15,↑ 净流入
信达地产,0.04,2026-05-15,↑ 净流入
冠石科技,0.04,2026-05-15,↑ 净流入
博通股份,0.04,2026-05-15,↑ 净流入
ST信通,0.04,2026-05-15,↑ 净流入
京城股份,0.04,2026-05-15,↑ 净流入
航海装备Ⅲ,0.04,2026-05-15,↑ 净流入
航海装备Ⅱ,0.04,2026-05-15,↑ 净流入
安德利,0.04,2026-05-15,↑ 净流入
首创环保,0.04,2026-05-15,↑ 净流入
赛福天,0.04,2026-05-15,↑ 净流入
奥普科技,0.04,2026-05-15,↑ 净流入
浙江自然,0.04,2026-05-15,↑ 净流入
重庆水务,0.04,2026-05-15,↑ 净流入
安徽合力,0.04,2026-05-15,↑ 净流入
光明肉业,0.04,2026-05-15,↑ 净流入
锦江航运,0.04,2026-05-15,↑ 净流入
XD麦加芯,0.04,2026-05-15,↑ 净流入
ST金顶,0.04,2026-05-15,↑ 净流入
酒钢宏兴,0.04,2026-05-15,↑ 净流入
威奥股份,0.04,2026-05-15,↑ 净流入
凯迪股份,0.04,2026-05-15,↑ 净流入
威帝股份,0.04,2026-05-15,↑ 净流入
氯碱化工,0.04,2026-05-15,↑ 净流入
宜宾纸业,0.04,2026-05-15,↑ 净流入
*ST帅电,0.04,2026-05-15,↑ 净流入
天安新材,0.03,2026-05-15,↑ 净流入
翔港科技,0.03,2026-05-15,↑ 净流入
海通发展,0.03,2026-05-15,↑ 净流入
*ST艾艾,0.03,2026-05-15,↑ 净流入
艾迪精密,0.03,2026-05-15,↑ 净流入
中文传媒,0.03,2026-05-15,↑ 净流入
*ST海华,0.03,2026-05-15,↑ 净流入
祥源文旅,0.03,2026-05-15,↑ 净流入
ST中珠,0.03,2026-05-15,↑ 净流入
锦泓集团,0.03,2026-05-15,↑ 净流入
云煤能源,0.03,2026-05-15,↑ 净流入
杭州解百,0.03,2026-05-15,↑ 净流入
爱婴室,0.03,2026-05-15,↑ 净流入
宿迁联盛,0.03,2026-05-15,↑ 净流入
金牌家居,0.03,2026-05-15,↑ 净流入
新疆天业,0.03,2026-05-15,↑ 净流入
镇洋发展,0.03,2026-05-15,↑ 净流入
合兴股份,0.03,2026-05-15,↑ 净流入
方大特钢,0.03,2026-05-15,↑ 净流入
西安银行,0.03,2026-05-15,↑ 净流入
国脉文化,0.03,2026-05-15,↑ 净流入
康普顿,0.03,2026-05-15,↑ 净流入
海汽集团,0.03,2026-05-15,↑ 净流入
合力科技,0.03,2026-05-15,↑ 净流入
至信股份,0.03,2026-05-15,↑ 净流入
广深铁路,0.03,2026-05-15,↑ 净流入
渝农商行,0.03,2026-05-15,↑ 净流入
交建股份,0.03,2026-05-15,↑ 净流入
恒丰纸业,0.03,2026-05-15,↑ 净流入
伊力特,0.03,2026-05-15,↑ 净流入
新世界,0.03,2026-05-15,↑ 净流入
万丰股份,0.03,2026-05-15,↑ 净流入
金能科技,0.03,2026-05-15,↑ 净流入
康恩贝,0.02,2026-05-15,↑ 净流入
禾丰股份,0.02,2026-05-15,↑ 净流入
中公高科,0.02,2026-05-15,↑ 净流入
江山股份,0.02,2026-05-15,↑ 净流入
宝泰隆,0.02,2026-05-15,↑ 净流入
联合水务,0.02,2026-05-15,↑ 净流入
宁波港,0.02,2026-05-15,↑ 净流入
大商股份,0.02,2026-05-15,↑ 净流入
法狮龙,0.02,2026-05-15,↑ 净流入
上海电影,0.02,2026-05-15,↑ 净流入
方盛制药,0.02,2026-05-15,↑ 净流入
联泰环保,0.02,2026-05-15,↑ 净流入
山西焦化,0.02,2026-05-15,↑ 净流入
康隆达,0.02,2026-05-15,↑ 净流入
长城汽车,0.02,2026-05-15,↑ 净流入
金麒麟,0.02,2026-05-15,↑ 净流入
华泰股份,0.02,2026-05-15,↑ 净流入
天洋新材,0.02,2026-05-15,↑ 净流入
浙文影业,0.02,2026-05-15,↑ 净流入
金龙汽车,0.02,2026-05-15,↑ 净流入
天和磁材,0.02,2026-05-15,↑ 净流入
神农集团,0.02,2026-05-15,↑ 净流入
北特科技,0.02,2026-05-15,↑ 净流入
宏盛股份,0.02,2026-05-15,↑ 净流入
技源集团,0.02,2026-05-15,↑ 净流入
香江控股,0.02,2026-05-15,↑ 净流入
新奥股份,0.02,2026-05-15,↑ 净流入
南方传媒,0.02,2026-05-15,↑ 净流入
中力股份,0.02,2026-05-15,↑ 净流入
太平鸟,0.02,2026-05-15,↑ 净流入
武汉控股,0.02,2026-05-15,↑ 净流入
渤海汽车,0.02,2026-05-15,↑ 净流入
吉林高速,0.02,2026-05-15,↑ 净流入
秦安股份,0.02,2026-05-15,↑ 净流入
天宸股份,0.02,2026-05-15,↑ 净流入
佳禾食品,0.02,2026-05-15,↑ 净流入
东贝集团,0.02,2026-05-15,↑ 净流入
开滦股份,0.02,2026-05-15,↑ 净流入
中策橡胶,0.02,2026-05-15,↑ 净流入
新通联,0.02,2026-05-15,↑ 净流入
家家悦,0.02,2026-05-15,↑ 净流入
地素时尚,0.02,2026-05-15,↑ 净流入
*ST海利,0.02,2026-05-15,↑ 净流入
健之佳,0.02,2026-05-15,↑ 净流入
中油工程,0.02,2026-05-15,↑ 净流入
农业综合Ⅲ,0.02,2026-05-15,↑ 净流入
农业综合Ⅱ,0.02,2026-05-15,↑ 净流入
国机汽车,0.02,2026-05-15,↑ 净流入
沪农商行,0.02,2026-05-15,↑ 净流入
祥和实业,0.02,2026-05-15,↑ 净流入
丽尚国潮,0.02,2026-05-15,↑ 净流入
ST智知,0.02,2026-05-15,↑ 净流入
大参林,0.02,2026-05-15,↑ 净流入
科博达,0.02,2026-05-15,↑ 净流入
兰生股份,0.02,2026-05-15,↑ 净流入
渤海轮渡,0.01,2026-05-15,↑ 净流入
蓝天燃气,0.01,2026-05-15,↑ 净流入
广州酒家,0.01,2026-05-15,↑ 净流入
*ST华幸,0.01,2026-05-15,↑ 净流入
大连圣亚,0.01,2026-05-15,↑ 净流入
华菱精工,0.01,2026-05-15,↑ 净流入
内蒙一机,0.01,2026-05-15,↑ 净流入
风语筑,0.01,2026-05-15,↑ 净流入
百合股份,0.01,2026-05-15,↑ 净流入
天新药业,0.01,2026-05-15,↑ 净流入
保隆科技,0.01,2026-05-15,↑ 净流入
ST复华,0.01,2026-05-15,↑ 净流入
鼎龙科技,0.01,2026-05-15,↑ 净流入
金桥信息,0.01,2026-05-15,↑ 净流入
江山欧派,0.01,2026-05-15,↑ 净流入
华培动力,0.01,2026-05-15,↑ 净流入
药明康德,0.01,2026-05-15,↑ 净流入
珍宝岛,0.01,2026-05-15,↑ 净流入
华生科技,0.01,2026-05-15,↑ 净流入
创力集团,0.01,2026-05-15,↑ 净流入
熟食,0.01,2026-05-15,↑ 净流入
嘉华股份,0.01,2026-05-15,↑ 净流入
百达精工,0.01,2026-05-15,↑ 净流入
索宝蛋白,0.01,2026-05-15,↑ 净流入
ST华扬,0.01,2026-05-15,↑ 净流入
香飘飘,0.01,2026-05-15,↑ 净流入
华阳新材,0.01,2026-05-15,↑ 净流入
恒尚节能,0.01,2026-05-15,↑ 净流入
天正电气,0.01,2026-05-15,↑ 净流入
*ST国中,0.01,2026-05-15,↑ 净流入
重庆港,0.01,2026-05-15,↑ 净流入
伟明环保,0.01,2026-05-15,↑ 净流入
银都股份,0.01,2026-05-15,↑ 净流入
悦达投资,0.01,2026-05-15,↑ 净流入
良品铺子,0.01,2026-05-15,↑ 净流入
勘设股份,0.01,2026-05-15,↑ 净流入
菲达环保,0.01,2026-05-15,↑ 净流入
江苏华辰,0.01,2026-05-15,↑ 净流入
易德龙,0.01,2026-05-15,↑ 净流入
山东钢铁,0.01,2026-05-15,↑ 净流入
汇通集团,0.01,2026-05-15,↑ 净流入
中牧股份,0.01,2026-05-15,↑ 净流入
浪莎股份,0.01,2026-05-15,↑ 净流入
上海凤凰,0.01,2026-05-15,↑ 净流入
天龙股份,0.01,2026-05-15,↑ 净流入
外高桥,0.01,2026-05-15,↑ 净流入
*ST大晟,0.01,2026-05-15,↑ 净流入
自然景区,0.01,2026-05-15,↑ 净流入
一拖股份,0.01,2026-05-15,↑ 净流入
建霖家居,0.01,2026-05-15,↑ 净流入
天地源,0.01,2026-05-15,↑ 净流入
森林包装,0.01,2026-05-15,↑ 净流入
博隆技术,0.01,2026-05-15,↑ 净流入
*ST柳化,0.01,2026-05-15,↑ 净流入
莎普爱思,0.01,2026-05-15,↑ 净流入
新华文轩,0.01,2026-05-15,↑ 净流入
全柴动力,0.01,2026-05-15,↑ 净流入
百利电气,0.01,2026-05-15,↑ 净流入
中国国贸,0.01,2026-05-15,↑ 净流入
辽宁成大,0.01,2026-05-15,↑ 净流入
聚合顺,0.01,2026-05-15,↑ 净流入
瑞贝卡,0.01,2026-05-15,↑ 净流入
晨丰科技,0.01,2026-05-15,↑ 净流入
建发合诚,0.01,2026-05-15,↑ 净流入
牧高笛,0.01,2026-05-15,↑ 净流入
大明电子,0.00,2026-05-15,↓ 净流出
恒林股份,0.00,2026-05-15,↓ 净流出
天地科技,0.00,2026-05-15,↓ 净流出
春光科技,0.00,2026-05-15,↓ 净流出
苏豪弘业,0.00,2026-05-15,↓ 净流出
申通地铁,0.00,2026-05-15,↓ 净流出
博瑞传播,0.00,2026-05-15,↓ 净流出
成都燃气,0.00,2026-05-15,↓ 净流出
清源股份,0.00,2026-05-15,↓ 净流出
南都物业,0.00,2026-05-15,↓ 净流出
红四方,0.00,2026-05-15,↓ 净流出
德力佳,0.00,2026-05-15,↓ 净流出
台华新材,0.00,2026-05-15,↓ 净流出
曲美家居,0.00,2026-05-15,↓ 净流出
豪悦护理,0.00,2026-05-15,↓ 净流出
海程邦达,0.00,2026-05-15,↓ 净流出
璞源材料,0.00,2026-05-15,↓ 净流出
*ST景谷,0.00,2026-05-15,↓ 净流出
金自天正,0.00,2026-05-15,↓ 净流出
辅料,0.00,2026-05-15,↓ 净流出
梅轮电梯,0.00,2026-05-15,↓ 净流出
*ST三房,0.00,2026-05-15,↓ 净流出
好莱客,0.00,2026-05-15,↓ 净流出
福元医药,0.00,2026-05-15,↓ 净流出
三星新材,0.00,2026-05-15,↓ 净流出
中重科技,0.00,2026-05-15,↓ 净流出
三元股份,0.00,2026-05-15,↓ 净流出
ST长园,0.00,2026-05-15,↓ 净流出
汇嘉时代,0.00,2026-05-15,↓ 净流出
重庆路桥,0.00,2026-05-15,↓ 净流出
宁沪高速,0.00,2026-05-15,↓ 净流出
林平发展,0.00,2026-05-15,↓ 净流出
惠达卫浴,0.00,2026-05-15,↓ 净流出
江南水务,0.00,2026-05-15,↓ 净流出
长久物流,0.00,2026-05-15,↓ 净流出
威派格,0.00,2026-05-15,↓ 净流出
深高速,0.00,2026-05-15,↓ 净流出
水泥制品,0.00,2026-05-15,↓ 净流出
保税科技,0.00,2026-05-15,↓ 净流出
八方股份,0.00,2026-05-15,↓ 净流出
五芳斋,0.00,2026-05-15,↓ 净流出
凤竹纺织,0.00,2026-05-15,↓ 净流出
朗迪集团,0.00,2026-05-15,↓ 净流出
昂立教育,0.00,2026-05-15,↓ 净流出
步长制药,-0.00,2026-05-15,↓ 净流出
普莱柯,-0.00,2026-05-15,↓ 净流出
利柏特,-0.00,2026-05-15,↓ 净流出
南侨食品,-0.00,2026-05-15,↓ 净流出
美凯龙,-0.00,2026-05-15,↓ 净流出
栖霞建设,-0.00,2026-05-15,↓ 净流出
上海汽配,-0.00,2026-05-15,↓ 净流出
凯盛新能,-0.00,2026-05-15,↓ 净流出
山东高速,-0.00,2026-05-15,↓ 净流出
金枫酒业,-0.00,2026-05-15,↓ 净流出
同力天启,-0.00,2026-05-15,↓ 净流出
航天信息,-0.00,2026-05-15,↓ 净流出
光大嘉宝,-0.00,2026-05-15,↓ 净流出
西藏药业,-0.00,2026-05-15,↓ 净流出
欧亚集团,-0.00,2026-05-15,↓ 净流出
海容冷链,-0.00,2026-05-15,↓ 净流出
常润股份,-0.00,2026-05-15,↓ 净流出
拱东医疗,-0.00,2026-05-15,↓ 净流出
时代出版,-0.00,2026-05-15,↓ 净流出
鑫源智造,-0.00,2026-05-15,↓ 净流出
新五丰,-0.00,2026-05-15,↓ 净流出
爱丽家居,-0.00,2026-05-15,↓ 净流出
天目湖,-0.00,2026-05-15,↓ 净流出
华旺科技,-0.00,2026-05-15,↓ 净流出
爱慕股份,-0.00,2026-05-15,↓ 净流出
至正股份,-0.00,2026-05-15,↓ 净流出
妙可蓝多,-0.00,2026-05-15,↓ 净流出
宁水集团,-0.00,2026-05-15,↓ 净流出
中铝国际,-0.00,2026-05-15,↓ 净流出
上海物贸,-0.00,2026-05-15,↓ 净流出
江西长运,-0.00,2026-05-15,↓ 净流出
*ST利达,-0.00,2026-05-15,↓ 净流出
宁波联合,-0.00,2026-05-15,↓ 净流出
东安动力,-0.00,2026-05-15,↓ 净流出
春雪食品,-0.00,2026-05-15,↓ 净流出
立霸股份,-0.00,2026-05-15,↓ 净流出
博闻科技,-0.00,2026-05-15,↓ 净流出
第一医药,-0.00,2026-05-15,↓ 净流出
ST东尼,-0.00,2026-05-15,↓ 净流出
南方路机,-0.00,2026-05-15,↓ 净流出
康德莱,-0.00,2026-05-15,↓ 净流出
友好集团,-0.00,2026-05-15,↓ 净流出
皖通高速,-0.00,2026-05-15,↓ 净流出
宇通重工,-0.00,2026-05-15,↓ 净流出
永悦科技,-0.00,2026-05-15,↓ 净流出
卫浴制品,-0.01,2026-05-15,↓ 净流出
恒源煤电,-0.01,2026-05-15,↓ 净流出
汇通能源,-0.01,2026-05-15,↓ 净流出
凌钢股份,-0.01,2026-05-15,↓ 净流出
上海亚虹,-0.01,2026-05-15,↓ 净流出
大丰实业,-0.01,2026-05-15,↓ 净流出
建研院,-0.01,2026-05-15,↓ 净流出
健康元,-0.01,2026-05-15,↓ 净流出
长春一东,-0.01,2026-05-15,↓ 净流出
新澳股份,-0.01,2026-05-15,↓ 净流出
金牛化工,-0.01,2026-05-15,↓ 净流出
新炬网络,-0.01,2026-05-15,↓ 净流出
长城军工,-0.01,2026-05-15,↓ 净流出
利群股份,-0.01,2026-05-15,↓ 净流出
金陵饭店,-0.01,2026-05-15,↓ 净流出
欧普照明,-0.01,2026-05-15,↓ 净流出
鼎际得,-0.01,2026-05-15,↓ 净流出
赣粤高速,-0.01,2026-05-15,↓ 净流出
圣达生物,-0.01,2026-05-15,↓ 净流出
黄山旅游,-0.01,2026-05-15,↓ 净流出
大连热电,-0.01,2026-05-15,↓ 净流出
文灿股份,-0.01,2026-05-15,↓ 净流出
畅联股份,-0.01,2026-05-15,↓ 净流出
西典新能,-0.01,2026-05-15,↓ 净流出
德创环保,-0.01,2026-05-15,↓ 净流出
晋控煤业,-0.01,2026-05-15,↓ 净流出
倍加洁,-0.01,2026-05-15,↓ 净流出
亚光股份,-0.01,2026-05-15,↓ 净流出
宁波高发,-0.01,2026-05-15,↓ 净流出
马应龙,-0.01,2026-05-15,↓ 净流出
钱江水利,-0.01,2026-05-15,↓ 净流出
银座股份,-0.01,2026-05-15,↓ 净流出
读者传媒,-0.01,2026-05-15,↓ 净流出
*ST立航,-0.01,2026-05-15,↓ 净流出
热威股份,-0.01,2026-05-15,↓ 净流出
安正时尚,-0.01,2026-05-15,↓ 净流出
江苏索普,-0.01,2026-05-15,↓ 净流出
亚泰集团,-0.01,2026-05-15,↓ 净流出
宁夏建材,-0.01,2026-05-15,↓ 净流出
大西洋,-0.01,2026-05-15,↓ 净流出
东方创业,-0.01,2026-05-15,↓ 净流出
国机通用,-0.01,2026-05-15,↓ 净流出
钱江生化,-0.01,2026-05-15,↓ 净流出
宁波精达,-0.01,2026-05-15,↓ 净流出
凤凰光学,-0.01,2026-05-15,↓ 净流出
泰禾智能,-0.01,2026-05-15,↓ 净流出
*ST原尚,-0.01,2026-05-15,↓ 净流出
寿仙谷,-0.01,2026-05-15,↓ 净流出
东软集团,-0.01,2026-05-15,↓ 净流出
小方制药,-0.01,2026-05-15,↓ 净流出
内蒙新华,-0.01,2026-05-15,↓ 净流出
王力安防,-0.01,2026-05-15,↓ 净流出
大千生态,-0.01,2026-05-15,↓ 净流出
韩建河山,-0.01,2026-05-15,↓ 净流出
蓝科高新,-0.01,2026-05-15,↓ 净流出
上海三毛,-0.01,2026-05-15,↓ 净流出
兴业银行,-0.01,2026-05-15,↓ 净流出
安阳钢铁,-0.01,2026-05-15,↓ 净流出
国药现代,-0.01,2026-05-15,↓ 净流出
龙版传媒,-0.01,2026-05-15,↓ 净流出
天润乳业,-0.01,2026-05-15,↓ 净流出
长江传媒,-0.01,2026-05-15,↓ 净流出
大恒科技,-0.01,2026-05-15,↓ 净流出
海澜之家,-0.01,2026-05-15,↓ 净流出
天味食品,-0.01,2026-05-15,↓ 净流出
ST葫芦娃,-0.01,2026-05-15,↓ 净流出
歌力思,-0.01,2026-05-15,↓ 净流出
*ST四通,-0.01,2026-05-15,↓ 净流出
汉商集团,-0.01,2026-05-15,↓ 净流出
开创国际,-0.01,2026-05-15,↓ 净流出
川仪股份,-0.01,2026-05-15,↓ 净流出
北矿科技,-0.01,2026-05-15,↓ 净流出
邦基科技,-0.01,2026-05-15,↓ 净流出
益民集团,-0.01,2026-05-15,↓ 净流出
广汇物流,-0.01,2026-05-15,↓ 净流出
西上海,-0.01,2026-05-15,↓ 净流出
宝立食品,-0.01,2026-05-15,↓ 净流出
上海建科,-0.01,2026-05-15,↓ 净流出
中农立华,-0.01,2026-05-15,↓ 净流出
城市传媒,-0.01,2026-05-15,↓ 净流出
楼宇设备,-0.01,2026-05-15,↓ 净流出
中央商场,-0.01,2026-05-15,↓ 净流出
日辰股份,-0.01,2026-05-15,↓ 净流出
天鹅股份,-0.01,2026-05-15,↓ 净流出
曲江文旅,-0.01,2026-05-15,↓ 净流出
盛泰集团,-0.01,2026-05-15,↓ 净流出
云中马,-0.01,2026-05-15,↓ 净流出
杭叉集团,-0.01,2026-05-15,↓ 净流出
宝钢包装,-0.01,2026-05-15,↓ 净流出
先达股份,-0.01,2026-05-15,↓ 净流出
长鸿高科,-0.01,2026-05-15,↓ 净流出
天目药业,-0.01,2026-05-15,↓ 净流出
志邦家居,-0.01,2026-05-15,↓ 净流出
海洋捕捞,-0.01,2026-05-15,↓ 净流出
济高发展,-0.01,2026-05-15,↓ 净流出
众望布艺,-0.01,2026-05-15,↓ 净流出
兴通股份,-0.01,2026-05-15,↓ 净流出
四方新材,-0.01,2026-05-15,↓ 净流出
正和生态,-0.01,2026-05-15,↓ 净流出
医疗研发外包,-0.01,2026-05-15,↓ 净流出
中南传媒,-0.02,2026-05-15,↓ 净流出
横店影视,-0.02,2026-05-15,↓ 净流出
广电网络,-0.02,2026-05-15,↓ 净流出
赛伍技术,-0.02,2026-05-15,↓ 净流出
南京医药,-0.02,2026-05-15,↓ 净流出
恒兴新材,-0.02,2026-05-15,↓ 净流出
天士力,-0.02,2026-05-15,↓ 净流出
绿田机械,-0.02,2026-05-15,↓ 净流出
上海雅仕,-0.02,2026-05-15,↓ 净流出
ST宁科,-0.02,2026-05-15,↓ 净流出
紫燕食品,-0.02,2026-05-15,↓ 净流出
浙江黎明,-0.02,2026-05-15,↓ 净流出
锦江酒店,-0.02,2026-05-15,↓ 净流出
广日股份,-0.02,2026-05-15,↓ 净流出
雅戈尔,-0.02,2026-05-15,↓ 净流出
新黄浦,-0.02,2026-05-15,↓ 净流出
重庆建工,-0.02,2026-05-15,↓ 净流出
得邦照明,-0.02,2026-05-15,↓ 净流出
苏能股份,-0.02,2026-05-15,↓ 净流出
四川成渝,-0.02,2026-05-15,↓ 净流出
威高血净,-0.02,2026-05-15,↓ 净流出
威尔药业,-0.02,2026-05-15,↓ 净流出
ST明诚,-0.02,2026-05-15,↓ 净流出
正川股份,-0.02,2026-05-15,↓ 净流出
长春燃气,-0.02,2026-05-15,↓ 净流出
安乃达,-0.02,2026-05-15,↓ 净流出
巴比食品,-0.02,2026-05-15,↓ 净流出
扬州金泉,-0.02,2026-05-15,↓ 净流出
协和电子,-0.02,2026-05-15,↓ 净流出
恒顺醋业,-0.02,2026-05-15,↓ 净流出
光明地产,-0.02,2026-05-15,↓ 净流出
亚星化学,-0.02,2026-05-15,↓ 净流出
人力资源服务,-0.02,2026-05-15,↓ 净流出
贵航股份,-0.02,2026-05-15,↓ 净流出
太龙药业,-0.02,2026-05-15,↓ 净流出
新经典,-0.02,2026-05-15,↓ 净流出
汇金通,-0.02,2026-05-15,↓ 净流出
凤凰股份,-0.02,2026-05-15,↓ 净流出
常青股份,-0.02,2026-05-15,↓ 净流出
好太太,-0.02,2026-05-15,↓ 净流出
综合电商,-0.02,2026-05-15,↓ 净流出
福建水泥,-0.02,2026-05-15,↓ 净流出
富维股份,-0.02,2026-05-15,↓ 净流出
弘讯科技,-0.02,2026-05-15,↓ 净流出
陕鼓动力,-0.02,2026-05-15,↓ 净流出
两面针,-0.02,2026-05-15,↓ 净流出
江盐集团,-0.02,2026-05-15,↓ 净流出
中国瑞林,-0.02,2026-05-15,↓ 净流出
移远通信,-0.02,2026-05-15,↓ 净流出
科华控股,-0.02,2026-05-15,↓ 净流出
惠发食品,-0.02,2026-05-15,↓ 净流出
卫信康,-0.02,2026-05-15,↓ 净流出
*ST海钦,-0.02,2026-05-15,↓ 净流出
维维股份,-0.02,2026-05-15,↓ 净流出
中化装备,-0.02,2026-05-15,↓ 净流出
华润江中,-0.02,2026-05-15,↓ 净流出
航天长峰,-0.02,2026-05-15,↓ 净流出
派斯林,-0.02,2026-05-15,↓ 净流出
*ST返利,-0.02,2026-05-15,↓ 净流出
泰鸿万立,-0.02,2026-05-15,↓ 净流出
嘉诚国际,-0.02,2026-05-15,↓ 净流出
密尔克卫,-0.02,2026-05-15,↓ 净流出
电魂网络,-0.02,2026-05-15,↓ 净流出
大龙地产,-0.02,2026-05-15,↓ 净流出
友发集团,-0.02,2026-05-15,↓ 净流出
中曼石油,-0.02,2026-05-15,↓ 净流出
上工申贝,-0.02,2026-05-15,↓ 净流出
亚通股份,-0.02,2026-05-15,↓ 净流出
梦百合,-0.02,2026-05-15,↓ 净流出
嘉环科技,-0.02,2026-05-15,↓ 净流出
水星家纺,-0.02,2026-05-15,↓ 净流出
诚意药业,-0.02,2026-05-15,↓ 净流出
无锡振华,-0.02,2026-05-15,↓ 净流出
李子园,-0.02,2026-05-15,↓ 净流出
音飞储存,-0.02,2026-05-15,↓ 净流出
泰瑞机器,-0.02,2026-05-15,↓ 净流出
*ST星农,-0.02,2026-05-15,↓ 净流出
上海家化,-0.02,2026-05-15,↓ 净流出
健尔康,-0.02,2026-05-15,↓ 净流出
诺力股份,-0.02,2026-05-15,↓ 净流出
七一二,-0.02,2026-05-15,↓ 净流出
杰克科技,-0.02,2026-05-15,↓ 净流出
ST太重,-0.03,2026-05-15,↓ 净流出
阿科力,-0.03,2026-05-15,↓ 净流出
陆家嘴,-0.03,2026-05-15,↓ 净流出
安泰集团,-0.03,2026-05-15,↓ 净流出
丰山集团,-0.03,2026-05-15,↓ 净流出
沪光股份,-0.03,2026-05-15,↓ 净流出
众鑫股份,-0.03,2026-05-15,↓ 净流出
国药股份,-0.03,2026-05-15,↓ 净流出
广信股份,-0.03,2026-05-15,↓ 净流出
贵州燃气,-0.03,2026-05-15,↓ 净流出
浙版传媒,-0.03,2026-05-15,↓ 净流出
上海临港,-0.03,2026-05-15,↓ 净流出
恒银科技,-0.03,2026-05-15,↓ 净流出
空港股份,-0.03,2026-05-15,↓ 净流出
ST际华,-0.03,2026-05-15,↓ 净流出
B股,-0.03,2026-05-15,↓ 净流出
海阳科技,-0.03,2026-05-15,↓ 净流出
*ST湘邮,-0.03,2026-05-15,↓ 净流出
行动教育,-0.03,2026-05-15,↓ 净流出
绿城水务,-0.03,2026-05-15,↓ 净流出
京华激光,-0.03,2026-05-15,↓ 净流出
元祖股份,-0.03,2026-05-15,↓ 净流出
爱普股份,-0.03,2026-05-15,↓ 净流出
ST通葡,-0.03,2026-05-15,↓ 净流出
泉峰汽车,-0.03,2026-05-15,↓ 净流出
永新光学,-0.03,2026-05-15,↓ 净流出
大名城,-0.03,2026-05-15,↓ 净流出
润本股份,-0.03,2026-05-15,↓ 净流出
百花医药,-0.03,2026-05-15,↓ 净流出
野马电池,-0.03,2026-05-15,↓ 净流出
公交,-0.03,2026-05-15,↓ 净流出
世茂能源,-0.03,2026-05-15,↓ 净流出
*ST东珠,-0.03,2026-05-15,↓ 净流出
东宏股份,-0.03,2026-05-15,↓ 净流出
菜百股份,-0.03,2026-05-15,↓ 净流出
国检集团,-0.03,2026-05-15,↓ 净流出
信雅达,-0.03,2026-05-15,↓ 净流出
纺织鞋类制造,-0.03,2026-05-15,↓ 净流出
国邦医药,-0.03,2026-05-15,↓ 净流出
巨化股份,-0.03,2026-05-15,↓ 净流出
灵康药业,-0.03,2026-05-15,↓ 净流出
新日股份,-0.03,2026-05-15,↓ 净流出
汇得科技,-0.03,2026-05-15,↓ 净流出
新亚电子,-0.03,2026-05-15,↓ 净流出
天元智能,-0.03,2026-05-15,↓ 净流出
好当家,-0.03,2026-05-15,↓ 净流出
千金药业,-0.03,2026-05-15,↓ 净流出
大东方,-0.03,2026-05-15,↓ 净流出
拉芳家化,-0.03,2026-05-15,↓ 净流出
金鹰股份,-0.03,2026-05-15,↓ 净流出
秦港股份,-0.03,2026-05-15,↓ 净流出
确成股份,-0.03,2026-05-15,↓ 净流出
莱绅通灵,-0.03,2026-05-15,↓ 净流出
国光连锁,-0.03,2026-05-15,↓ 净流出
晨光股份,-0.03,2026-05-15,↓ 净流出
中再资环,-0.03,2026-05-15,↓ 净流出
神驰机电,-0.03,2026-05-15,↓ 净流出
长华集团,-0.03,2026-05-15,↓ 净流出
味知香,-0.03,2026-05-15,↓ 净流出
海天股份,-0.03,2026-05-15,↓ 净流出
郴电国际,-0.03,2026-05-15,↓ 净流出
苏州龙杰,-0.03,2026-05-15,↓ 净流出
哈空调,-0.03,2026-05-15,↓ 净流出
哈药股份,-0.03,2026-05-15,↓ 净流出
林海股份,-0.03,2026-05-15,↓ 净流出
江河集团,-0.03,2026-05-15,↓ 净流出
吉比特,-0.03,2026-05-15,↓ 净流出
华纺股份,-0.04,2026-05-15,↓ 净流出
中创物流,-0.04,2026-05-15,↓ 净流出
海量数据,-0.04,2026-05-15,↓ 净流出
振华重工,-0.04,2026-05-15,↓ 净流出
安图生物,-0.04,2026-05-15,↓ 净流出
莱克电气,-0.04,2026-05-15,↓ 净流出
顾家家居,-0.04,2026-05-15,↓ 净流出
亚邦股份,-0.04,2026-05-15,↓ 净流出
光明乳业,-0.04,2026-05-15,↓ 净流出
华鼎股份,-0.04,2026-05-15,↓ 净流出
华能蒙电,-0.04,2026-05-15,↓ 净流出
甘李药业,-0.04,2026-05-15,↓ 净流出
嘉化能源,-0.04,2026-05-15,↓ 净流出
山东出版,-0.04,2026-05-15,↓ 净流出
鄂尔多斯,-0.04,2026-05-15,↓ 净流出
南钢股份,-0.04,2026-05-15,↓ 净流出
苏利股份,-0.04,2026-05-15,↓ 净流出
锦江在线,-0.04,2026-05-15,↓ 净流出
南宁百货,-0.04,2026-05-15,↓ 净流出
安徽建工,-0.04,2026-05-15,↓ 净流出
济川药业,-0.04,2026-05-15,↓ 净流出
梦天家居,-0.04,2026-05-15,↓ 净流出
厦门空港,-0.04,2026-05-15,↓ 净流出
开开实业,-0.04,2026-05-15,↓ 净流出
无锡银行,-0.04,2026-05-15,↓ 净流出
神奇制药,-0.04,2026-05-15,↓ 净流出
大众交通,-0.04,2026-05-15,↓ 净流出
*ST长投,-0.04,2026-05-15,↓ 净流出
伟时电子,-0.04,2026-05-15,↓ 净流出
西宁特钢,-0.04,2026-05-15,↓ 净流出
中电电机,-0.04,2026-05-15,↓ 净流出
万向德农,-0.04,2026-05-15,↓ 净流出
今创集团,-0.04,2026-05-15,↓ 净流出
上海机电,-0.04,2026-05-15,↓ 净流出
海峡环保,-0.04,2026-05-15,↓ 净流出
四方科技,-0.04,2026-05-15,↓ 净流出
华海药业,-0.04,2026-05-15,↓ 净流出
青岛港,-0.04,2026-05-15,↓ 净流出
苏盐井神,-0.04,2026-05-15,↓ 净流出
中恒集团,-0.04,2026-05-15,↓ 净流出
明泰铝业,-0.04,2026-05-15,↓ 净流出
醋化股份,-0.04,2026-05-15,↓ 净流出
联明股份,-0.04,2026-05-15,↓ 净流出
申华控股,-0.04,2026-05-15,↓ 净流出
凤凰传媒,-0.04,2026-05-15,↓ 净流出
设计总院,-0.04,2026-05-15,↓ 净流出
中国人寿,-0.04,2026-05-15,↓ 净流出
大宗用纸,-0.04,2026-05-15,↓ 净流出
上海洗霸,-0.04,2026-05-15,↓ 净流出
永安行,-0.04,2026-05-15,↓ 净流出
晋西车轴,-0.04,2026-05-15,↓ 净流出
ST东时,-0.04,2026-05-15,↓ 净流出
华峰铝业,-0.04,2026-05-15,↓ 净流出
白云机场,-0.04,2026-05-15,↓ 净流出
苏豪汇鸿,-0.04,2026-05-15,↓ 净流出
北方股份,-0.05,2026-05-15,↓ 净流出
金域医学,-0.05,2026-05-15,↓ 净流出
飞科电器,-0.05,2026-05-15,↓ 净流出
宁波远洋,-0.05,2026-05-15,↓ 净流出
*ST莫高,-0.05,2026-05-15,↓ 净流出
浙江东日,-0.05,2026-05-15,↓ 净流出
博迈科,-0.05,2026-05-15,↓ 净流出
会稽山,-0.05,2026-05-15,↓ 净流出
ST嘉澳,-0.05,2026-05-15,↓ 净流出
丸美生物,-0.05,2026-05-15,↓ 净流出
百大集团,-0.05,2026-05-15,↓ 净流出
中材国际,-0.05,2026-05-15,↓ 净流出
柳钢股份,-0.05,2026-05-15,↓ 净流出
卫浴电器,-0.05,2026-05-15,↓ 净流出
丽人丽妆,-0.05,2026-05-15,↓ 净流出
天富龙,-0.05,2026-05-15,↓ 净流出
正裕工业,-0.05,2026-05-15,↓ 净流出
福瑞达,-0.05,2026-05-15,↓ 净流出
其他养殖,-0.05,2026-05-15,↓ 净流出
龙头股份,-0.05,2026-05-15,↓ 净流出
长白山,-0.05,2026-05-15,↓ 净流出
柳药集团,-0.05,2026-05-15,↓ 净流出
紫江企业,-0.05,2026-05-15,↓ 净流出
华电国际,-0.05,2026-05-15,↓ 净流出
公牛集团,-0.05,2026-05-15,↓ 净流出
多伦科技,-0.05,2026-05-15,↓ 净流出
龙高股份,-0.05,2026-05-15,↓ 净流出
安记食品,-0.05,2026-05-15,↓ 净流出
双良节能,-0.05,2026-05-15,↓ 净流出
万泰生物,-0.05,2026-05-15,↓ 净流出
陕西黑猫,-0.05,2026-05-15,↓ 净流出
神力股份,-0.05,2026-05-15,↓ 净流出
亚宝药业,-0.05,2026-05-15,↓ 净流出
交大昂立,-0.05,2026-05-15,↓ 净流出
冠盛股份,-0.05,2026-05-15,↓ 净流出
松霖科技,-0.05,2026-05-15,↓ 净流出
千禾味业,-0.05,2026-05-15,↓ 净流出
迎丰股份,-0.05,2026-05-15,↓ 净流出
西大门,-0.05,2026-05-15,↓ 净流出
*ST网达,-0.05,2026-05-15,↓ 净流出
时代万恒,-0.05,2026-05-15,↓ 净流出
美邦股份,-0.05,2026-05-15,↓ 净流出
金杯汽车,-0.05,2026-05-15,↓ 净流出
华新建材,-0.05,2026-05-15,↓ 净流出
物产中大,-0.05,2026-05-15,↓ 净流出
康辰药业,-0.05,2026-05-15,↓ 净流出
*ST尼雅,-0.05,2026-05-15,↓ 净流出
茶花股份,-0.06,2026-05-15,↓ 净流出
福然德,-0.06,2026-05-15,↓ 净流出
新力金融,-0.06,2026-05-15,↓ 净流出
重百集团,-0.06,2026-05-15,↓ 净流出
其他饰品,-0.06,2026-05-15,↓ 净流出
昆药集团,-0.06,2026-05-15,↓ 净流出
江瀚新材,-0.06,2026-05-15,↓ 净流出
苏豪时尚,-0.06,2026-05-15,↓ 净流出
均瑶健康,-0.06,2026-05-15,↓ 净流出
教育出版,-0.06,2026-05-15,↓ 净流出
上海九百,-0.06,2026-05-15,↓ 净流出
华立股份,-0.06,2026-05-15,↓ 净流出
惠而浦,-0.06,2026-05-15,↓ 净流出
上海能源,-0.06,2026-05-15,↓ 净流出
华体科技,-0.06,2026-05-15,↓ 净流出
香溢融通,-0.06,2026-05-15,↓ 净流出
英利汽车,-0.06,2026-05-15,↓ 净流出
维远股份,-0.06,2026-05-15,↓ 净流出
亨通股份,-0.06,2026-05-15,↓ 净流出
桃李面包,-0.06,2026-05-15,↓ 净流出
盛剑科技,-0.06,2026-05-15,↓ 净流出
维力医疗,-0.06,2026-05-15,↓ 净流出
日出东方,-0.06,2026-05-15,↓ 净流出
中原高速,-0.06,2026-05-15,↓ 净流出
通策医疗,-0.06,2026-05-15,↓ 净流出
楚天高速,-0.06,2026-05-15,↓ 净流出
创业环保,-0.06,2026-05-15,↓ 净流出
力聚热能,-0.06,2026-05-15,↓ 净流出
中青旅,-0.06,2026-05-15,↓ 净流出
江苏金租,-0.06,2026-05-15,↓ 净流出
中交设计,-0.06,2026-05-15,↓ 净流出
ST新华锦,-0.06,2026-05-15,↓ 净流出
市北高新,-0.06,2026-05-15,↓ 净流出
物产环能,-0.06,2026-05-15,↓ 净流出
汇通控股,-0.06,2026-05-15,↓ 净流出
ST金鸿顺,-0.06,2026-05-15,↓ 净流出
阳光照明,-0.06,2026-05-15,↓ 净流出
金隅集团,-0.06,2026-05-15,↓ 净流出
百联股份,-0.06,2026-05-15,↓ 净流出
廊坊发展,-0.06,2026-05-15,↓ 净流出
宁波建工,-0.06,2026-05-15,↓ 净流出
全筑股份,-0.06,2026-05-15,↓ 净流出
新华网,-0.06,2026-05-15,↓ 净流出
中新集团,-0.06,2026-05-15,↓ 净流出
贵绳股份,-0.06,2026-05-15,↓ 净流出
甬金股份,-0.06,2026-05-15,↓ 净流出
新华传媒,-0.06,2026-05-15,↓ 净流出
会展服务,-0.06,2026-05-15,↓ 净流出
宝地矿业,-0.06,2026-05-15,↓ 净流出
同济科技,-0.07,2026-05-15,↓ 净流出
人民同泰,-0.07,2026-05-15,↓ 净流出
君禾股份,-0.07,2026-05-15,↓ 净流出
海利尔,-0.07,2026-05-15,↓ 净流出
ST文峰,-0.07,2026-05-15,↓ 净流出
北京人力,-0.07,2026-05-15,↓ 净流出
国投中鲁,-0.07,2026-05-15,↓ 净流出
华润双鹤,-0.07,2026-05-15,↓ 净流出
银龙股份,-0.07,2026-05-15,↓ 净流出
时空科技,-0.07,2026-05-15,↓ 净流出
鲁抗医药,-0.07,2026-05-15,↓ 净流出
三棵树,-0.07,2026-05-15,↓ 净流出
人民网,-0.07,2026-05-15,↓ 净流出
一鸣食品,-0.07,2026-05-15,↓ 净流出
淮河能源,-0.07,2026-05-15,↓ 净流出
尖峰集团,-0.07,2026-05-15,↓ 净流出
百川能源,-0.07,2026-05-15,↓ 净流出
宁波海运,-0.07,2026-05-15,↓ 净流出
泉阳泉,-0.07,2026-05-15,↓ 净流出
新农开发,-0.07,2026-05-15,↓ 净流出
贵广网络,-0.07,2026-05-15,↓ 净流出
同庆楼,-0.07,2026-05-15,↓ 净流出
三峡新材,-0.07,2026-05-15,↓ 净流出
青松建化,-0.07,2026-05-15,↓ 净流出
大湖股份,-0.07,2026-05-15,↓ 净流出
汉马科技,-0.07,2026-05-15,↓ 净流出
2025三季报预减,-0.07,2026-05-15,↓ 净流出
上海石化,-0.07,2026-05-15,↓ 净流出
*ST集友,-0.07,2026-05-15,↓ 净流出
掌阅科技,-0.08,2026-05-15,↓ 净流出
晋拓股份,-0.08,2026-05-15,↓ 净流出
厦门象屿,-0.08,2026-05-15,↓ 净流出
*ST京化,-0.08,2026-05-15,↓ 净流出
*ST起步,-0.08,2026-05-15,↓ 净流出
苏垦农发,-0.08,2026-05-15,↓ 净流出
顶点软件,-0.08,2026-05-15,↓ 净流出
福蓉科技,-0.08,2026-05-15,↓ 净流出
四创电子,-0.08,2026-05-15,↓ 净流出
肯特催化,-0.08,2026-05-15,↓ 净流出
郑州煤电,-0.08,2026-05-15,↓ 净流出
衢州东峰,-0.08,2026-05-15,↓ 净流出
三峰环境,-0.08,2026-05-15,↓ 净流出
*ST八钢,-0.08,2026-05-15,↓ 净流出
洪城环境,-0.08,2026-05-15,↓ 净流出
洗护用品,-0.08,2026-05-15,↓ 净流出
中华企业,-0.08,2026-05-15,↓ 净流出
百合花,-0.08,2026-05-15,↓ 净流出
百龙创园,-0.08,2026-05-15,↓ 净流出
红蜻蜓,-0.08,2026-05-15,↓ 净流出
老凤祥,-0.08,2026-05-15,↓ 净流出
神通科技,-0.08,2026-05-15,↓ 净流出
富佳股份,-0.08,2026-05-15,↓ 净流出
焦炭Ⅲ,-0.08,2026-05-15,↓ 净流出
焦炭Ⅱ,-0.08,2026-05-15,↓ 净流出
格尔软件,-0.08,2026-05-15,↓ 净流出
铁矿石,-0.08,2026-05-15,↓ 净流出
徕木股份,-0.08,2026-05-15,↓ 净流出
百隆东方,-0.08,2026-05-15,↓ 净流出
烘焙食品,-0.08,2026-05-15,↓ 净流出
大有能源,-0.08,2026-05-15,↓ 净流出
东方环宇,-0.09,2026-05-15,↓ 净流出
鑫科材料,-0.09,2026-05-15,↓ 净流出
中科软,-0.09,2026-05-15,↓ 净流出
ST通脉,-0.09,2026-05-15,↓ 净流出
江苏有线,-0.09,2026-05-15,↓ 净流出
华丰股份,-0.09,2026-05-15,↓ 净流出
华达新材,-0.09,2026-05-15,↓ 净流出
厨房电器,-0.09,2026-05-15,↓ 净流出
新华医疗,-0.09,2026-05-15,↓ 净流出
王府井,-0.09,2026-05-15,↓ 净流出
公路货运,-0.09,2026-05-15,↓ 净流出
澳弘电子,-0.09,2026-05-15,↓ 净流出
永兴股份,-0.09,2026-05-15,↓ 净流出
S佳通,-0.09,2026-05-15,↓ 净流出
永吉股份,-0.09,2026-05-15,↓ 净流出
森特股份,-0.09,2026-05-15,↓ 净流出
纺织化学制品,-0.09,2026-05-15,↓ 净流出
ST云城,-0.09,2026-05-15,↓ 净流出
湖南海利,-0.09,2026-05-15,↓ 净流出
上海医药,-0.09,2026-05-15,↓ 净流出
联美控股,-0.09,2026-05-15,↓ 净流出
电子城,-0.09,2026-05-15,↓ 净流出
荣泰健康,-0.09,2026-05-15,↓ 净流出
厦门银行,-0.09,2026-05-15,↓ 净流出
祥龙电业,-0.09,2026-05-15,↓ 净流出
洛凯股份,-0.09,2026-05-15,↓ 净流出
中源家居,-0.09,2026-05-15,↓ 净流出
学历教育,-0.09,2026-05-15,↓ 净流出
天成自控,-0.09,2026-05-15,↓ 净流出
院线,-0.09,2026-05-15,↓ 净流出
健盛集团,-0.09,2026-05-15,↓ 净流出
华贸物流,-0.10,2026-05-15,↓ 净流出
德宏股份,-0.10,2026-05-15,↓ 净流出
五矿发展,-0.10,2026-05-15,↓ 净流出
连云港,-0.10,2026-05-15,↓ 净流出
国网英大,-0.10,2026-05-15,↓ 净流出
金徽酒,-0.10,2026-05-15,↓ 净流出
艾华集团,-0.10,2026-05-15,↓ 净流出
福建高速,-0.10,2026-05-15,↓ 净流出
飞乐音响,-0.10,2026-05-15,↓ 净流出
万盛股份,-0.10,2026-05-15,↓ 净流出
东望时代,-0.10,2026-05-15,↓ 净流出
三角轮胎,-0.10,2026-05-15,↓ 净流出
华北制药,-0.10,2026-05-15,↓ 净流出
ST洲际,-0.10,2026-05-15,↓ 净流出
辽港股份,-0.10,2026-05-15,↓ 净流出
埃泰克,-0.10,2026-05-15,↓ 净流出
中储股份,-0.10,2026-05-15,↓ 净流出
中安科,-0.10,2026-05-15,↓ 净流出
*ST尔雅,-0.10,2026-05-15,↓ 净流出
视频媒体,-0.10,2026-05-15,↓ 净流出
津投城开,-0.10,2026-05-15,↓ 净流出
中泰证券,-0.10,2026-05-15,↓ 净流出
洪通燃气,-0.10,2026-05-15,↓ 净流出
国发股份,-0.10,2026-05-15,↓ 净流出
端到端供应链服务,-0.10,2026-05-15,↓ 净流出
浙江鼎力,-0.11,2026-05-15,↓ 净流出
国旅联合,-0.11,2026-05-15,↓ 净流出
宁波富邦,-0.11,2026-05-15,↓ 净流出
中谷物流,-0.11,2026-05-15,↓ 净流出
动力新科,-0.11,2026-05-15,↓ 净流出
澳柯玛,-0.11,2026-05-15,↓ 净流出
惠泉啤酒,-0.11,2026-05-15,↓ 净流出
*ST正平,-0.11,2026-05-15,↓ 净流出
商用载客车,-0.11,2026-05-15,↓ 净流出
水产养殖,-0.11,2026-05-15,↓ 净流出
武进不锈,-0.11,2026-05-15,↓ 净流出
广誉远,-0.11,2026-05-15,↓ 净流出
恒盛能源,-0.11,2026-05-15,↓ 净流出
科达制造,-0.11,2026-05-15,↓ 净流出
*ST椰岛,-0.11,2026-05-15,↓ 净流出
中船科技,-0.11,2026-05-15,↓ 净流出
克来机电,-0.11,2026-05-15,↓ 净流出
永艺股份,-0.11,2026-05-15,↓ 净流出
三江购物,-0.11,2026-05-15,↓ 净流出
出版传媒,-0.11,2026-05-15,↓ 净流出
国泰海通,-0.11,2026-05-15,↓ 净流出
陕建股份,-0.11,2026-05-15,↓ 净流出
岳阳林纸,-0.11,2026-05-15,↓ 净流出
华谊集团,-0.11,2026-05-15,↓ 净流出
航发科技,-0.11,2026-05-15,↓ 净流出
爱玛科技,-0.12,2026-05-15,↓ 净流出
五洲特纸,-0.12,2026-05-15,↓ 净流出
重庆啤酒,-0.12,2026-05-15,↓ 净流出
景津装备,-0.12,2026-05-15,↓ 净流出
紫金银行,-0.12,2026-05-15,↓ 净流出
法兰泰克,-0.12,2026-05-15,↓ 净流出
浪潮软件,-0.12,2026-05-15,↓ 净流出
振江股份,-0.12,2026-05-15,↓ 净流出
明星电力,-0.12,2026-05-15,↓ 净流出
三峡水利,-0.12,2026-05-15,↓ 净流出
华丽家族,-0.12,2026-05-15,↓ 净流出
健民集团,-0.12,2026-05-15,↓ 净流出
鼎信通讯,-0.12,2026-05-15,↓ 净流出
怡球资源,-0.12,2026-05-15,↓ 净流出
建发股份,-0.12,2026-05-15,↓ 净流出
长城电工,-0.12,2026-05-15,↓ 净流出
茂业商业,-0.12,2026-05-15,↓ 净流出
晋亿实业,-0.12,2026-05-15,↓ 净流出
中衡设计,-0.12,2026-05-15,↓ 净流出
如通股份,-0.12,2026-05-15,↓ 净流出
*ST华鹏,-0.12,2026-05-15,↓ 净流出
风范股份,-0.12,2026-05-15,↓ 净流出
亚盛集团,-0.12,2026-05-15,↓ 净流出
渔业,-0.12,2026-05-15,↓ 净流出
浙商银行,-0.12,2026-05-15,↓ 净流出
ST龙元,-0.12,2026-05-15,↓ 净流出
轻纺城,-0.13,2026-05-15,↓ 净流出
广汽集团,-0.13,2026-05-15,↓ 净流出
XD大豪科,-0.13,2026-05-15,↓ 净流出
五洲交通,-0.13,2026-05-15,↓ 净流出
大秦铁路,-0.13,2026-05-15,↓ 净流出
科力远,-0.13,2026-05-15,↓ 净流出
皖天然气,-0.13,2026-05-15,↓ 净流出
零食,-0.13,2026-05-15,↓ 净流出
新华百货,-0.13,2026-05-15,↓ 净流出
迎驾贡酒,-0.13,2026-05-15,↓ 净流出
新天绿能,-0.13,2026-05-15,↓ 净流出
健麾信息,-0.13,2026-05-15,↓ 净流出
荣晟环保,-0.13,2026-05-15,↓ 净流出
通宝能源,-0.14,2026-05-15,↓ 净流出
合富中国,-0.14,2026-05-15,↓ 净流出
厨卫电器,-0.14,2026-05-15,↓ 净流出
金健米业,-0.14,2026-05-15,↓ 净流出
展鹏科技,-0.14,2026-05-15,↓ 净流出
中国汽研,-0.14,2026-05-15,↓ 净流出
广电电气,-0.14,2026-05-15,↓ 净流出
中粮糖业,-0.14,2026-05-15,↓ 净流出
南京熊猫,-0.14,2026-05-15,↓ 净流出
南京商旅,-0.14,2026-05-15,↓ 净流出
海油发展,-0.14,2026-05-15,↓ 净流出
明新旭腾,-0.14,2026-05-15,↓ 净流出
个护小家电,-0.14,2026-05-15,↓ 净流出
同仁堂,-0.14,2026-05-15,↓ 净流出
白云山,-0.14,2026-05-15,↓ 净流出
盘江股份,-0.14,2026-05-15,↓ 净流出
天普股份,-0.14,2026-05-15,↓ 净流出
民爆概念,-0.14,2026-05-15,↓ 净流出
ST标准,-0.14,2026-05-15,↓ 净流出
兰石重装,-0.14,2026-05-15,↓ 净流出
冠城新材,-0.14,2026-05-15,↓ 净流出
西昌电力,-0.14,2026-05-15,↓ 净流出
抚顺特钢,-0.14,2026-05-15,↓ 净流出
铁龙物流,-0.14,2026-05-15,↓ 净流出
比依股份,-0.14,2026-05-15,↓ 净流出
福耀玻璃,-0.14,2026-05-15,↓ 净流出
咸亨国际,-0.15,2026-05-15,↓ 净流出
燃料电池,-0.15,2026-05-15,↓ 净流出
骆驼股份,-0.15,2026-05-15,↓ 净流出
海南华铁,-0.15,2026-05-15,↓ 净流出
四川路桥,-0.15,2026-05-15,↓ 净流出
食用菌,-0.15,2026-05-15,↓ 净流出
奥锐特,-0.15,2026-05-15,↓ 净流出
芯能科技,-0.15,2026-05-15,↓ 净流出
福莱特,-0.15,2026-05-15,↓ 净流出
焦煤,-0.15,2026-05-15,↓ 净流出
常熟银行,-0.15,2026-05-15,↓ 净流出
苏农银行,-0.15,2026-05-15,↓ 净流出
老白干酒,-0.15,2026-05-15,↓ 净流出
百傲化学,-0.15,2026-05-15,↓ 净流出
安通控股,-0.16,2026-05-15,↓ 净流出
电投水电,-0.16,2026-05-15,↓ 净流出
水井坊,-0.16,2026-05-15,↓ 净流出
光大银行,-0.16,2026-05-15,↓ 净流出
基蛋生物,-0.16,2026-05-15,↓ 净流出
信达证券,-0.16,2026-05-15,↓ 净流出
珀莱雅,-0.16,2026-05-15,↓ 净流出
南京新百,-0.16,2026-05-15,↓ 净流出
马钢股份,-0.16,2026-05-15,↓ 净流出
益佰制药,-0.16,2026-05-15,↓ 净流出
潞安环能,-0.16,2026-05-15,↓ 净流出
海兴电力,-0.16,2026-05-15,↓ 净流出
皖维高新,-0.16,2026-05-15,↓ 净流出
春兰股份,-0.16,2026-05-15,↓ 净流出
海正药业,-0.16,2026-05-15,↓ 净流出
水发燃气,-0.17,2026-05-15,↓ 净流出
西南证券,-0.17,2026-05-15,↓ 净流出
铜峰电子,-0.17,2026-05-15,↓ 净流出
托育服务,-0.17,2026-05-15,↓ 净流出
振石股份,-0.17,2026-05-15,↓ 净流出
纽威股份,-0.17,2026-05-15,↓ 净流出
XD宇通客,-0.17,2026-05-15,↓ 净流出
奥康国际,-0.17,2026-05-15,↓ 净流出
道生天合,-0.17,2026-05-15,↓ 净流出
卧龙新能,-0.17,2026-05-15,↓ 净流出
镇海股份,-0.17,2026-05-15,↓ 净流出
*ST九鼎,-0.17,2026-05-15,↓ 净流出
佳都科技,-0.17,2026-05-15,↓ 净流出
扬农化工,-0.17,2026-05-15,↓ 净流出
上实发展,-0.17,2026-05-15,↓ 净流出
华脉科技,-0.17,2026-05-15,↓ 净流出
万朗磁塑,-0.17,2026-05-15,↓ 净流出
重庆钢铁,-0.17,2026-05-15,↓ 净流出
装修建材,-0.17,2026-05-15,↓ 净流出
五矿资本,-0.17,2026-05-15,↓ 净流出
隧道股份,-0.18,2026-05-15,↓ 净流出
丰倍生物,-0.18,2026-05-15,↓ 净流出
中国一重,-0.18,2026-05-15,↓ 净流出
中国能建,-0.18,2026-05-15,↓ 净流出
南京证券,-0.18,2026-05-15,↓ 净流出
肉鸡养殖,-0.18,2026-05-15,↓ 净流出
新城控股,-0.18,2026-05-15,↓ 净流出
海油工程,-0.18,2026-05-15,↓ 净流出
ST海泰,-0.18,2026-05-15,↓ 净流出
生态农业,-0.18,2026-05-15,↓ 净流出
中际联合,-0.18,2026-05-15,↓ 净流出
电科芯片,-0.18,2026-05-15,↓ 净流出
德业股份,-0.19,2026-05-15,↓ 净流出
越剑智能,-0.19,2026-05-15,↓ 净流出
山鹰国际,-0.19,2026-05-15,↓ 净流出
日月股份,-0.19,2026-05-15,↓ 净流出
首旅酒店,-0.19,2026-05-15,↓ 净流出
统一股份,-0.19,2026-05-15,↓ 净流出
美湖股份,-0.19,2026-05-15,↓ 净流出
成都银行,-0.19,2026-05-15,↓ 净流出
中国医药,-0.19,2026-05-15,↓ 净流出
东方材料,-0.19,2026-05-15,↓ 净流出
亚星锚链,-0.19,2026-05-15,↓ 净流出
涂料油墨,-0.19,2026-05-15,↓ 净流出
*ST新潮,-0.19,2026-05-15,↓ 净流出
达仁堂,-0.19,2026-05-15,↓ 净流出
中直股份,-0.19,2026-05-15,↓ 净流出
太极集团,-0.19,2026-05-15,↓ 净流出
丽岛新材,-0.19,2026-05-15,↓ 净流出
永杰新材,-0.20,2026-05-15,↓ 净流出
税友股份,-0.20,2026-05-15,↓ 净流出
星湖科技,-0.20,2026-05-15,↓ 净流出
电视广播Ⅲ,-0.20,2026-05-15,↓ 净流出
电视广播Ⅱ,-0.20,2026-05-15,↓ 净流出
杭州热电,-0.20,2026-05-15,↓ 净流出
电科数字,-0.20,2026-05-15,↓ 净流出
酒店,-0.20,2026-05-15,↓ 净流出
*ST华微,-0.20,2026-05-15,↓ 净流出
国网信通,-0.20,2026-05-15,↓ 净流出
金种子酒,-0.20,2026-05-15,↓ 净流出
金地集团,-0.20,2026-05-15,↓ 净流出
长材,-0.20,2026-05-15,↓ 净流出
汇顶科技,-0.20,2026-05-15,↓ 净流出
房产租赁经纪,-0.20,2026-05-15,↓ 净流出
松炀资源,-0.20,2026-05-15,↓ 净流出
红塔证券,-0.20,2026-05-15,↓ 净流出
其他黑色家电,-0.20,2026-05-15,↓ 净流出
休闲食品,-0.20,2026-05-15,↓ 净流出
敦煌种业,-0.20,2026-05-15,↓ 净流出
桂冠电力,-0.21,2026-05-15,↓ 净流出
华电科工,-0.21,2026-05-15,↓ 净流出
股权激励,-0.21,2026-05-15,↓ 净流出
力鼎光电,-0.21,2026-05-15,↓ 净流出
北元化工,-0.21,2026-05-15,↓ 净流出
金晶科技,-0.21,2026-05-15,↓ 净流出
其他橡胶制品,-0.21,2026-05-15,↓ 净流出
洪田股份,-0.21,2026-05-15,↓ 净流出
ST百利,-0.21,2026-05-15,↓ 净流出
老百姓,-0.21,2026-05-15,↓ 净流出
嘉友国际,-0.21,2026-05-15,↓ 净流出
*ST亿晶,-0.21,2026-05-15,↓ 净流出
贵阳银行,-0.21,2026-05-15,↓ 净流出
上海环境,-0.21,2026-05-15,↓ 净流出
玲珑轮胎,-0.21,2026-05-15,↓ 净流出
华为欧拉,-0.21,2026-05-15,↓ 净流出
厦门国贸,-0.21,2026-05-15,↓ 净流出
伯特利,-0.22,2026-05-15,↓ 净流出
中国中冶,-0.22,2026-05-15,↓ 净流出
中国联通,-0.22,2026-05-15,↓ 净流出
莲花控股,-0.22,2026-05-15,↓ 净流出
华达科技,-0.22,2026-05-15,↓ 净流出
健友股份,-0.22,2026-05-15,↓ 净流出
中国海防,-0.22,2026-05-15,↓ 净流出
龙净环保,-0.22,2026-05-15,↓ 净流出
鹿山新材,-0.22,2026-05-15,↓ 净流出
天有为,-0.22,2026-05-15,↓ 净流出
养元饮品,-0.22,2026-05-15,↓ 净流出
冠农股份,-0.22,2026-05-15,↓ 净流出
安迪苏,-0.22,2026-05-15,↓ 净流出
海航科技,-0.22,2026-05-15,↓ 净流出
今世缘,-0.23,2026-05-15,↓ 净流出
航天晨光,-0.23,2026-05-15,↓ 净流出
朗博科技,-0.23,2026-05-15,↓ 净流出
厦工股份,-0.23,2026-05-15,↓ 净流出
上海港湾,-0.23,2026-05-15,↓ 净流出
济民健康,-0.23,2026-05-15,↓ 净流出
雪峰科技,-0.23,2026-05-15,↓ 净流出
京津冀,-0.23,2026-05-15,↓ 净流出
塞力医疗,-0.23,2026-05-15,↓ 净流出
上海沪工,-0.23,2026-05-15,↓ 净流出
北汽蓝谷,-0.23,2026-05-15,↓ 净流出
中铁工业,-0.23,2026-05-15,↓ 净流出
华创云信,-0.23,2026-05-15,↓ 净流出
绿地控股,-0.23,2026-05-15,↓ 净流出
三六零,-0.23,2026-05-15,↓ 净流出
辰欣药业,-0.23,2026-05-15,↓ 净流出
上海贝岭,-0.23,2026-05-15,↓ 净流出
陕西旅游,-0.23,2026-05-15,↓ 净流出
城投控股,-0.23,2026-05-15,↓ 净流出
包装材料,-0.23,2026-05-15,↓ 净流出
国联民生,-0.24,2026-05-15,↓ 净流出
江南新材,-0.24,2026-05-15,↓ 净流出
春秋航空,-0.24,2026-05-15,↓ 净流出
新钢股份,-0.24,2026-05-15,↓ 净流出
索通发展,-0.24,2026-05-15,↓ 净流出
江苏银行,-0.24,2026-05-15,↓ 净流出
云天化,-0.24,2026-05-15,↓ 净流出
餐饮,-0.24,2026-05-15,↓ 净流出
动力源,-0.24,2026-05-15,↓ 净流出
时代新材,-0.24,2026-05-15,↓ 净流出
辽宁能源,-0.24,2026-05-15,↓ 净流出
海南橡胶,-0.24,2026-05-15,↓ 净流出
方正证券,-0.24,2026-05-15,↓ 净流出
白云电器,-0.24,2026-05-15,↓ 净流出
永臻股份,-0.25,2026-05-15,↓ 净流出
华能国际,-0.25,2026-05-15,↓ 净流出
城建发展,-0.25,2026-05-15,↓ 净流出
氦气概念,-0.25,2026-05-15,↓ 净流出
翠微股份,-0.25,2026-05-15,↓ 净流出
*ST亚士,-0.25,2026-05-15,↓ 净流出
城地香江,-0.25,2026-05-15,↓ 净流出
超颖电子,-0.25,2026-05-15,↓ 净流出
盛洋科技,-0.25,2026-05-15,↓ 净流出
海南机场,-0.25,2026-05-15,↓ 净流出
涤纶,-0.25,2026-05-15,↓ 净流出
中国动力,-0.25,2026-05-15,↓ 净流出
合盛硅业,-0.25,2026-05-15,↓ 净流出
望变电气,-0.25,2026-05-15,↓ 净流出
磷肥及磷化工,-0.26,2026-05-15,↓ 净流出
商业地产,-0.26,2026-05-15,↓ 净流出
火炬电子,-0.26,2026-05-15,↓ 净流出
江苏新能,-0.26,2026-05-15,↓ 净流出
洪都航空,-0.26,2026-05-15,↓ 净流出
九洲药业,-0.26,2026-05-15,↓ 净流出
厨房小家电,-0.26,2026-05-15,↓ 净流出
金辰股份,-0.26,2026-05-15,↓ 净流出
瑞丰银行,-0.26,2026-05-15,↓ 净流出
永冠新材,-0.27,2026-05-15,↓ 净流出
通用股份,-0.27,2026-05-15,↓ 净流出
宁波中百,-0.27,2026-05-15,↓ 净流出
合锻智能,-0.27,2026-05-15,↓ 净流出
三峡能源,-0.27,2026-05-15,↓ 净流出
国芳集团,-0.27,2026-05-15,↓ 净流出
国睿科技,-0.27,2026-05-15,↓ 净流出
巨星农牧,-0.27,2026-05-15,↓ 净流出
中国黄金,-0.27,2026-05-15,↓ 净流出
高速公路,-0.28,2026-05-15,↓ 净流出
*ST闻泰,-0.28,2026-05-15,↓ 净流出
电商服务,-0.28,2026-05-15,↓ 净流出
宝钛股份,-0.28,2026-05-15,↓ 净流出
众源新材,-0.28,2026-05-15,↓ 净流出
*ST春天,-0.28,2026-05-15,↓ 净流出
*ST联翔,-0.28,2026-05-15,↓ 净流出
新中港,-0.28,2026-05-15,↓ 净流出
宏辉果蔬,-0.29,2026-05-15,↓ 净流出
苏州高新,-0.29,2026-05-15,↓ 净流出
中创智领,-0.29,2026-05-15,↓ 净流出
钢铁管材,-0.29,2026-05-15,↓ 净流出
华通线缆,-0.29,2026-05-15,↓ 净流出
浙江龙盛,-0.29,2026-05-15,↓ 净流出
通化东宝,-0.29,2026-05-15,↓ 净流出
联德股份,-0.29,2026-05-15,↓ 净流出
宏盛华源,-0.29,2026-05-15,↓ 净流出
轮胎轮毂,-0.29,2026-05-15,↓ 净流出
天坛生物,-0.30,2026-05-15,↓ 净流出
建元信托,-0.30,2026-05-15,↓ 净流出
华光环能,-0.30,2026-05-15,↓ 净流出
江南高纤,-0.30,2026-05-15,↓ 净流出
口子窖,-0.30,2026-05-15,↓ 净流出
财达证券,-0.30,2026-05-15,↓ 净流出
中信建投,-0.30,2026-05-15,↓ 净流出
物业管理,-0.30,2026-05-15,↓ 净流出
氯碱,-0.31,2026-05-15,↓ 净流出
康惠股份,-0.31,2026-05-15,↓ 净流出
上港集团,-0.31,2026-05-15,↓ 净流出
宁波能源,-0.31,2026-05-15,↓ 净流出
永茂泰,-0.31,2026-05-15,↓ 净流出
罗曼股份,-0.31,2026-05-15,↓ 净流出
新疆众和,-0.31,2026-05-15,↓ 净流出
跨境物流,-0.31,2026-05-15,↓ 净流出
江钨装备,-0.31,2026-05-15,↓ 净流出
华钰矿业,-0.31,2026-05-15,↓ 净流出
古越龙山,-0.31,2026-05-15,↓ 净流出
联环药业,-0.32,2026-05-15,↓ 净流出
涂料,-0.32,2026-05-15,↓ 净流出
金徽股份,-0.32,2026-05-15,↓ 净流出
首创证券,-0.32,2026-05-15,↓ 净流出
农发种业,-0.32,2026-05-15,↓ 净流出
乐山电力,-0.32,2026-05-15,↓ 净流出
林洋能源,-0.32,2026-05-15,↓ 净流出
金瑞矿业,-0.32,2026-05-15,↓ 净流出
科新发展,-0.32,2026-05-15,↓ 净流出
调味发酵品Ⅲ,-0.32,2026-05-15,↓ 净流出
调味发酵品Ⅱ,-0.32,2026-05-15,↓ 净流出
宏发股份,-0.33,2026-05-15,↓ 净流出
中国中车,-0.33,2026-05-15,↓ 净流出
南网储能,-0.33,2026-05-15,↓ 净流出
湘财股份,-0.33,2026-05-15,↓ 净流出
*ST沐邦,-0.33,2026-05-15,↓ 净流出
贵研铂业,-0.33,2026-05-15,↓ 净流出
果蔬加工,-0.33,2026-05-15,↓ 净流出
沃格光电,-0.34,2026-05-15,↓ 净流出
斯达半导,-0.34,2026-05-15,↓ 净流出
方大炭素,-0.34,2026-05-15,↓ 净流出
来伊份,-0.34,2026-05-15,↓ 净流出
和邦生物,-0.34,2026-05-15,↓ 净流出
浙商证券,-0.34,2026-05-15,↓ 净流出
新安股份,-0.34,2026-05-15,↓ 净流出
苏美达,-0.34,2026-05-15,↓ 净流出
上汽集团,-0.34,2026-05-15,↓ 净流出
依顿电子,-0.34,2026-05-15,↓ 净流出
派克新材,-0.35,2026-05-15,↓ 净流出
国茂股份,-0.35,2026-05-15,↓ 净流出
康美药业,-0.35,2026-05-15,↓ 净流出
吉祥航空,-0.35,2026-05-15,↓ 净流出
保利发展,-0.35,2026-05-15,↓ 净流出
中原证券,-0.35,2026-05-15,↓ 净流出
XD宝信软,-0.36,2026-05-15,↓ 净流出
诊断服务,-0.36,2026-05-15,↓ 净流出
浙数文化,-0.36,2026-05-15,↓ 净流出
华鑫股份,-0.36,2026-05-15,↓ 净流出
永安期货,-0.36,2026-05-15,↓ 净流出
东方明珠,-0.36,2026-05-15,↓ 净流出
教育运营及其他,-0.36,2026-05-15,↓ 净流出
福莱新材,-0.36,2026-05-15,↓ 净流出
浙江新能,-0.36,2026-05-15,↓ 净流出
中国国航,-0.37,2026-05-15,↓ 净流出
工商银行,-0.37,2026-05-15,↓ 净流出
福日电子,-0.37,2026-05-15,↓ 净流出
精工钢构,-0.37,2026-05-15,↓ 净流出
梅花生物,-0.37,2026-05-15,↓ 净流出
中远海特,-0.37,2026-05-15,↓ 净流出
文化用品,-0.37,2026-05-15,↓ 净流出
应流股份,-0.37,2026-05-15,↓ 净流出
中国石化,-0.37,2026-05-15,↓ 净流出
复星医药,-0.37,2026-05-15,↓ 净流出
湘电股份,-0.37,2026-05-15,↓ 净流出
文娱消费,-0.38,2026-05-15,↓ 净流出
中材节能,-0.38,2026-05-15,↓ 净流出
国金证券,-0.39,2026-05-15,↓ 净流出
山东药玻,-0.39,2026-05-15,↓ 净流出
其他酒类,-0.39,2026-05-15,↓ 净流出
上海机场,-0.40,2026-05-15,↓ 净流出
恒为科技,-0.40,2026-05-15,↓ 净流出
宠物食品,-0.40,2026-05-15,↓ 净流出
中国化学,-0.40,2026-05-15,↓ 净流出
国投资本,-0.40,2026-05-15,↓ 净流出
中国银河,-0.40,2026-05-15,↓ 净流出
乳品,-0.41,2026-05-15,↓ 净流出
海航控股,-0.41,2026-05-15,↓ 净流出
华资实业,-0.41,2026-05-15,↓ 净流出
科林电气,-0.42,2026-05-15,↓ 净流出
大胜达,-0.42,2026-05-15,↓ 净流出
同方股份,-0.42,2026-05-15,↓ 净流出
宝光股份,-0.42,2026-05-15,↓ 净流出
租赁,-0.42,2026-05-15,↓ 净流出
东兴证券,-0.43,2026-05-15,↓ 净流出
粮油加工,-0.43,2026-05-15,↓ 净流出
新赛股份,-0.43,2026-05-15,↓ 净流出
酒店餐饮,-0.44,2026-05-15,↓ 净流出
福田汽车,-0.44,2026-05-15,↓ 净流出
北大荒,-0.44,2026-05-15,↓ 净流出
信托,-0.44,2026-05-15,↓ 净流出
创新新材,-0.45,2026-05-15,↓ 净流出
东百集团,-0.45,2026-05-15,↓ 净流出
中航重机,-0.45,2026-05-15,↓ 净流出
三一重工,-0.45,2026-05-15,↓ 净流出
毛发医疗,-0.45,2026-05-15,↓ 净流出
人工景区,-0.45,2026-05-15,↓ 净流出
西藏天路,-0.45,2026-05-15,↓ 净流出
房地产服务,-0.45,2026-05-15,↓ 净流出
鸿远电子,-0.45,2026-05-15,↓ 净流出
龙蟠科技,-0.45,2026-05-15,↓ 净流出
肉制品,-0.46,2026-05-15,↓ 净流出
万华化学,-0.46,2026-05-15,↓ 净流出
草甘膦,-0.46,2026-05-15,↓ 净流出
中闽能源,-0.46,2026-05-15,↓ 净流出
交通银行,-0.46,2026-05-15,↓ 净流出
广安爱众,-0.47,2026-05-15,↓ 净流出
长源东谷,-0.47,2026-05-15,↓ 净流出
平高电气,-0.47,2026-05-15,↓ 净流出
璞泰来,-0.47,2026-05-15,↓ 净流出
吉鑫科技,-0.48,2026-05-15,↓ 净流出
赛腾股份,-0.48,2026-05-15,↓ 净流出
西藏城投,-0.48,2026-05-15,↓ 净流出
金证股份,-0.48,2026-05-15,↓ 净流出
航天机电,-0.49,2026-05-15,↓ 净流出
振德医疗,-0.49,2026-05-15,↓ 净流出
大气治理,-0.49,2026-05-15,↓ 净流出
仓储物流,-0.50,2026-05-15,↓ 净流出
专业工程,-0.50,2026-05-15,↓ 净流出
东吴证券,-0.50,2026-05-15,↓ 净流出
起帆电缆,-0.50,2026-05-15,↓ 净流出
宝胜股份,-0.50,2026-05-15,↓ 净流出
梅雁吉祥,-0.50,2026-05-15,↓ 净流出
中信金属,-0.50,2026-05-15,↓ 净流出
中国交建,-0.50,2026-05-15,↓ 净流出
中金公司,-0.50,2026-05-15,↓ 净流出
春秋电子,-0.51,2026-05-15,↓ 净流出
西藏珠峰,-0.51,2026-05-15,↓ 净流出
耐火材料,-0.51,2026-05-15,↓ 净流出
粮食种植,-0.52,2026-05-15,↓ 净流出
三佳科技,-0.52,2026-05-15,↓ 净流出
节能风电,-0.52,2026-05-15,↓ 净流出
青岛啤酒,-0.52,2026-05-15,↓ 净流出
火电设备,-0.53,2026-05-15,↓ 净流出
恒力石化,-0.53,2026-05-15,↓ 净流出
生猪养殖,-0.53,2026-05-15,↓ 净流出
华安证券,-0.53,2026-05-15,↓ 净流出
中银证券,-0.55,2026-05-15,↓ 净流出
舍得酒业,-0.55,2026-05-15,↓ 净流出
松发股份,-0.55,2026-05-15,↓ 净流出
价值股,-0.55,2026-05-15,↓ 净流出
山东玻纤,-0.55,2026-05-15,↓ 净流出
金诚信,-0.55,2026-05-15,↓ 净流出
明阳智能,-0.56,2026-05-15,↓ 净流出
坤彩科技,-0.56,2026-05-15,↓ 净流出
神马电力,-0.56,2026-05-15,↓ 净流出
民爆制品,-0.57,2026-05-15,↓ 净流出
卓郎智能,-0.57,2026-05-15,↓ 净流出
中国科传,-0.57,2026-05-15,↓ 净流出
国电电力,-0.57,2026-05-15,↓ 净流出
东方通信,-0.57,2026-05-15,↓ 净流出
中船防务,-0.57,2026-05-15,↓ 净流出
和顺石油,-0.57,2026-05-15,↓ 净流出
纳米银,-0.57,2026-05-15,↓ 净流出
三星电气,-0.58,2026-05-15,↓ 净流出
哈投股份,-0.58,2026-05-15,↓ 净流出
化妆品,-0.59,2026-05-15,↓ 净流出
浙江东方,-0.59,2026-05-15,↓ 净流出
大智慧,-0.59,2026-05-15,↓ 净流出
财通证券,-0.59,2026-05-15,↓ 净流出
微盘精选,-0.59,2026-05-15,↓ 净流出
CRO,-0.59,2026-05-15,↓ 净流出
杭钢股份,-0.60,2026-05-15,↓ 净流出
基因测序,-0.60,2026-05-15,↓ 净流出
棉纺,-0.60,2026-05-15,↓ 净流出
中远海发,-0.60,2026-05-15,↓ 净流出
嘉泽新能,-0.60,2026-05-15,↓ 净流出
农药兽药,-0.61,2026-05-15,↓ 净流出
昊华科技,-0.62,2026-05-15,↓ 净流出
多业态零售,-0.62,2026-05-15,↓ 净流出
福鞍股份,-0.62,2026-05-15,↓ 净流出
文字媒体,-0.63,2026-05-15,↓ 净流出
民生银行,-0.63,2026-05-15,↓ 净流出
华锡有色,-0.64,2026-05-15,↓ 净流出
钟表珠宝,-0.66,2026-05-15,↓ 净流出
立达信,-0.66,2026-05-15,↓ 净流出
兴业证券,-0.66,2026-05-15,↓ 净流出
世运电路,-0.66,2026-05-15,↓ 净流出
鲁信创投,-0.66,2026-05-15,↓ 净流出
太平洋,-0.67,2026-05-15,↓ 净流出
永辉超市,-0.67,2026-05-15,↓ 净流出
鹏欣资源,-0.68,2026-05-15,↓ 净流出
保健品,-0.68,2026-05-15,↓ 净流出
*ST高科,-0.69,2026-05-15,↓ 净流出
宏昌电子,-0.69,2026-05-15,↓ 净流出
中国建筑,-0.69,2026-05-15,↓ 净流出
安孚科技,-0.69,2026-05-15,↓ 净流出
招商南油,-0.70,2026-05-15,↓ 净流出
中航高科,-0.70,2026-05-15,↓ 净流出
旗滨集团,-0.70,2026-05-15,↓ 净流出
中源协和,-0.70,2026-05-15,↓ 净流出
熔盐储能,-0.70,2026-05-15,↓ 净流出
快递,-0.70,2026-05-15,↓ 净流出
德新科技,-0.70,2026-05-15,↓ 净流出
光大证券,-0.71,2026-05-15,↓ 净流出
雪天盐业,-0.71,2026-05-15,↓ 净流出
饰品,-0.71,2026-05-15,↓ 净流出
南方航空,-0.73,2026-05-15,↓ 净流出
北方导航,-0.73,2026-05-15,↓ 净流出
广西能源,-0.73,2026-05-15,↓ 净流出
其他通信设备,-0.74,2026-05-15,↓ 净流出
线下药店,-0.74,2026-05-15,↓ 净流出
中国中铁,-0.75,2026-05-15,↓ 净流出
南华期货,-0.75,2026-05-15,↓ 净流出
福达合金,-0.75,2026-05-15,↓ 净流出
原材料供应链服务,-0.75,2026-05-15,↓ 净流出
奥瑞德,-0.76,2026-05-15,↓ 净流出
粘胶,-0.76,2026-05-15,↓ 净流出
瑞斯康达,-0.76,2026-05-15,↓ 净流出
养殖业,-0.76,2026-05-15,↓ 净流出
中航机载,-0.77,2026-05-15,↓ 净流出
永泰能源,-0.77,2026-05-15,↓ 净流出
北京银行,-0.77,2026-05-15,↓ 净流出
片仔癀,-0.77,2026-05-15,↓ 净流出
品牌化妆品,-0.78,2026-05-15,↓ 净流出
玻璃基板,-0.78,2026-05-15,↓ 净流出
鸡肉概念,-0.78,2026-05-15,↓ 净流出
机场,-0.81,2026-05-15,↓ 净流出
游戏Ⅲ,-0.81,2026-05-15,↓ 净流出
游戏Ⅱ,-0.81,2026-05-15,↓ 净流出
天风证券,-0.83,2026-05-15,↓ 净流出
数据港,-0.83,2026-05-15,↓ 净流出
中远海控,-0.83,2026-05-15,↓ 净流出
九丰能源,-0.83,2026-05-15,↓ 净流出
新化股份,-0.84,2026-05-15,↓ 净流出
恒生电子,-0.84,2026-05-15,↓ 净流出
血液制品,-0.84,2026-05-15,↓ 净流出
旅游综合,-0.84,2026-05-15,↓ 净流出
化学工程,-0.85,2026-05-15,↓ 净流出
宝丰能源,-0.85,2026-05-15,↓ 净流出
嵘泰股份,-0.85,2026-05-15,↓ 净流出
煤化工,-0.86,2026-05-15,↓ 净流出
猪肉概念,-0.87,2026-05-15,↓ 净流出
生活用纸,-0.88,2026-05-15,↓ 净流出
海绵城市,-0.88,2026-05-15,↓ 净流出
包钢股份,-0.88,2026-05-15,↓ 净流出
智慧灯杆,-0.88,2026-05-15,↓ 净流出
其他农产品加工,-0.88,2026-05-15,↓ 净流出
宝钢股份,-0.89,2026-05-15,↓ 净流出
瑞芯微,-0.89,2026-05-15,↓ 净流出
泰豪科技,-0.89,2026-05-15,↓ 净流出
东鹏饮料,-0.90,2026-05-15,↓ 净流出
医疗美容,-0.91,2026-05-15,↓ 净流出
西部黄金,-0.91,2026-05-15,↓ 净流出
钢结构,-0.92,2026-05-15,↓ 净流出
中孚实业,-0.93,2026-05-15,↓ 净流出
招商证券,-0.93,2026-05-15,↓ 净流出
东湖高新,-0.93,2026-05-15,↓ 净流出
京运通,-0.93,2026-05-15,↓ 净流出
株冶集团,-0.94,2026-05-15,↓ 净流出
桐昆股份,-0.94,2026-05-15,↓ 净流出
国电南自,-0.95,2026-05-15,↓ 净流出
金属包装,-0.95,2026-05-15,↓ 净流出
个护用品,-0.96,2026-05-15,↓ 净流出
化学纤维,-0.96,2026-05-15,↓ 净流出
三美股份,-0.96,2026-05-15,↓ 净流出
摩托车及其他,-0.96,2026-05-15,↓ 净流出
彩虹股份,-0.96,2026-05-15,↓ 净流出
可燃冰,-0.96,2026-05-15,↓ 净流出
山西汾酒,-0.97,2026-05-15,↓ 净流出
青山纸业,-0.97,2026-05-15,↓ 净流出
中国铁建,-0.97,2026-05-15,↓ 净流出
医美耗材,-0.98,2026-05-15,↓ 净流出
邮储银行,-0.98,2026-05-15,↓ 净流出
纺织服装设备,-0.99,2026-05-15,↓ 净流出
国晟科技,-0.99,2026-05-15,↓ 净流出
聚氨酯,-1.01,2026-05-15,↓ 净流出
宏达股份,-1.01,2026-05-15,↓ 净流出
淳中科技,-1.03,2026-05-15,↓ 净流出
综合环境治理,-1.03,2026-05-15,↓ 净流出
机床工具,-1.04,2026-05-15,↓ 净流出
房屋建设Ⅲ,-1.04,2026-05-15,↓ 净流出
房屋建设Ⅱ,-1.04,2026-05-15,↓ 净流出
生物疫苗,-1.05,2026-05-15,↓ 净流出
船舶制造,-1.05,2026-05-15,↓ 净流出
远东股份,-1.05,2026-05-15,↓ 净流出
食品加工,-1.05,2026-05-15,↓ 净流出
立昂微,-1.07,2026-05-15,↓ 净流出
金田股份,-1.07,2026-05-15,↓ 净流出
超市,-1.07,2026-05-15,↓ 净流出
用友网络,-1.08,2026-05-15,↓ 净流出
土壤修复,-1.08,2026-05-15,↓ 净流出
杭电股份,-1.08,2026-05-15,↓ 净流出
金钼股份,-1.10,2026-05-15,↓ 净流出
钛白粉概念,-1.11,2026-05-15,↓ 净流出
国际工程,-1.11,2026-05-15,↓ 净流出
培训教育,-1.11,2026-05-15,↓ 净流出
可川科技,-1.11,2026-05-15,↓ 净流出
啤酒,-1.11,2026-05-15,↓ 净流出
DRG/DIP,-1.13,2026-05-15,↓ 净流出
人脑工程,-1.13,2026-05-15,↓ 净流出
玻璃制造,-1.14,2026-05-15,↓ 净流出
中航沈飞,-1.14,2026-05-15,↓ 净流出
综合乘用车,-1.14,2026-05-15,↓ 净流出
津药药业,-1.14,2026-05-15,↓ 净流出
青蒿素,-1.14,2026-05-15,↓ 净流出
SPD概念,-1.15,2026-05-15,↓ 净流出
其他种植业,-1.16,2026-05-15,↓ 净流出
城商行Ⅲ,-1.16,2026-05-15,↓ 净流出
旭光电子,-1.16,2026-05-15,↓ 净流出
电工仪器仪表,-1.16,2026-05-15,↓ 净流出
跨境电商,-1.17,2026-05-15,↓ 净流出
赛力斯,-1.18,2026-05-15,↓ 净流出
中国太保,-1.18,2026-05-15,↓ 净流出
航天工程,-1.18,2026-05-15,↓ 净流出
人造肉,-1.20,2026-05-15,↓ 净流出
白银有色,-1.20,2026-05-15,↓ 净流出
苏州科达,-1.21,2026-05-15,↓ 净流出
盛屯矿业,-1.21,2026-05-15,↓ 净流出
中国核建,-1.22,2026-05-15,↓ 净流出
杉杉股份,-1.23,2026-05-15,↓ 净流出
四川长虹,-1.25,2026-05-15,↓ 净流出
华电能源,-1.25,2026-05-15,↓ 净流出
其他化学制品,-1.26,2026-05-15,↓ 净流出
保变电气,-1.27,2026-05-15,↓ 净流出
XD华正新,-1.27,2026-05-15,↓ 净流出
旅游及景区,-1.28,2026-05-15,↓ 净流出
农商行Ⅲ,-1.28,2026-05-15,↓ 净流出
新华保险,-1.29,2026-05-15,↓ 净流出
冶钢辅料,-1.29,2026-05-15,↓ 净流出
福斯特,-1.30,2026-05-15,↓ 净流出
锂电专用设备,-1.30,2026-05-15,↓ 净流出
长寿药,-1.31,2026-05-15,↓ 净流出
港口,-1.31,2026-05-15,↓ 净流出
东方电缆,-1.31,2026-05-15,↓ 净流出
航天动力,-1.32,2026-05-15,↓ 净流出
旅游零售Ⅲ,-1.33,2026-05-15,↓ 净流出
旅游零售Ⅱ,-1.33,2026-05-15,↓ 净流出
诺德股份,-1.34,2026-05-15,↓ 净流出
华电辽能,-1.36,2026-05-15,↓ 净流出
照明设备Ⅲ,-1.36,2026-05-15,↓ 净流出
照明设备Ⅱ,-1.36,2026-05-15,↓ 净流出
海螺水泥,-1.36,2026-05-15,↓ 净流出
南山铝业,-1.36,2026-05-15,↓ 净流出
冶钢原料,-1.37,2026-05-15,↓ 净流出
硅料硅片,-1.38,2026-05-15,↓ 净流出
地热能,-1.38,2026-05-15,↓ 净流出
电子后视镜,-1.39,2026-05-15,↓ 净流出
专业服务,-1.39,2026-05-15,↓ 净流出
综艺股份,-1.39,2026-05-15,↓ 净流出
维生素,-1.40,2026-05-15,↓ 净流出
检测服务,-1.41,2026-05-15,↓ 净流出
中国中免,-1.41,2026-05-15,↓ 净流出
京投发展,-1.42,2026-05-15,↓ 净流出
剑桥科技,-1.46,2026-05-15,↓ 净流出
永和股份,-1.46,2026-05-15,↓ 净流出
中国电建,-1.46,2026-05-15,↓ 净流出
软饮料,-1.47,2026-05-15,↓ 净流出
互联网电商,-1.47,2026-05-15,↓ 净流出
通威股份,-1.47,2026-05-15,↓ 净流出
举牌,-1.48,2026-05-15,↓ 净流出
低碳冶金,-1.49,2026-05-15,↓ 净流出
百货,-1.49,2026-05-15,↓ 净流出
其他化学纤维,-1.50,2026-05-15,↓ 净流出
非白酒,-1.51,2026-05-15,↓ 净流出
华升股份,-1.51,2026-05-15,↓ 净流出
社保重仓,-1.51,2026-05-15,↓ 净流出
航发动力,-1.51,2026-05-15,↓ 净流出
爱旭股份,-1.52,2026-05-15,↓ 净流出
中国人保,-1.53,2026-05-15,↓ 净流出
恒瑞医药,-1.53,2026-05-15,↓ 净流出
红板科技,-1.56,2026-05-15,↓ 净流出
教育,-1.57,2026-05-15,↓ 净流出
一般零售,-1.57,2026-05-15,↓ 净流出
MLOps概念,-1.58,2026-05-15,↓ 净流出
中化国际,-1.58,2026-05-15,↓ 净流出
光电股份,-1.59,2026-05-15,↓ 净流出
金开新能,-1.60,2026-05-15,↓ 净流出
江淮汽车,-1.61,2026-05-15,↓ 净流出
拼多多概念,-1.62,2026-05-15,↓ 净流出
东方证券,-1.62,2026-05-15,↓ 净流出
特种纸,-1.64,2026-05-15,↓ 净流出
合成生物,-1.65,2026-05-15,↓ 净流出
利通电子,-1.65,2026-05-15,↓ 净流出
农产品加工,-1.65,2026-05-15,↓ 净流出
微盘股,-1.67,2026-05-15,↓ 净流出
AB股,-1.67,2026-05-15,↓ 净流出
中远海能,-1.67,2026-05-15,↓ 净流出
水泥,-1.68,2026-05-15,↓ 净流出
水泥制造,-1.68,2026-05-15,↓ 净流出
造纸,-1.69,2026-05-15,↓ 净流出
农业银行,-1.70,2026-05-15,↓ 净流出
华胜天成,-1.70,2026-05-15,↓ 净流出
噪声防治,-1.71,2026-05-15,↓ 净流出
商用载货车,-1.71,2026-05-15,↓ 净流出
大位科技,-1.72,2026-05-15,↓ 净流出
乳业,-1.72,2026-05-15,↓ 净流出
宁夏板块,-1.73,2026-05-15,↓ 净流出
摩托车,-1.73,2026-05-15,↓ 净流出
千里科技,-1.73,2026-05-15,↓ 净流出
美诺华,-1.75,2026-05-15,↓ 净流出
华银电力,-1.76,2026-05-15,↓ 净流出
造纸印刷,-1.76,2026-05-15,↓ 净流出
医药流通,-1.76,2026-05-15,↓ 净流出
石英股份,-1.79,2026-05-15,↓ 净流出
阿兹海默,-1.80,2026-05-15,↓ 净流出
交运设备,-1.81,2026-05-15,↓ 净流出
国有大型银行Ⅲ,-1.81,2026-05-15,↓ 净流出
联创光电,-1.82,2026-05-15,↓ 净流出
士兰微,-1.82,2026-05-15,↓ 净流出
商用车,-1.82,2026-05-15,↓ 净流出
期货,-1.82,2026-05-15,↓ 净流出
华泰证券,-1.83,2026-05-15,↓ 净流出
华电新能,-1.84,2026-05-15,↓ 净流出
数字阅读,-1.85,2026-05-15,↓ 净流出
油气设服,-1.85,2026-05-15,↓ 净流出
宠物经济,-1.87,2026-05-15,↓ 净流出
农药,-1.87,2026-05-15,↓ 净流出
饮料乳品,-1.88,2026-05-15,↓ 净流出
新型工业化,-1.88,2026-05-15,↓ 净流出
钴,-1.88,2026-05-15,↓ 净流出
调味品概念,-1.89,2026-05-15,↓ 净流出
抗菌面料,-1.92,2026-05-15,↓ 净流出
页岩气,-1.93,2026-05-15,↓ 净流出
腾讯云,-1.94,2026-05-15,↓ 净流出
其他石化,-1.95,2026-05-15,↓ 净流出
永杉锂业,-1.95,2026-05-15,↓ 净流出
股份制银行Ⅲ,-1.95,2026-05-15,↓ 净流出
EDA概念,-1.96,2026-05-15,↓ 净流出
上海电力,-1.96,2026-05-15,↓ 净流出
东睦股份,-1.97,2026-05-15,↓ 净流出
胎压监测,-2.00,2026-05-15,↓ 净流出
增强现实,-2.05,2026-05-15,↓ 净流出
钼,-2.05,2026-05-15,↓ 净流出
高能环境,-2.07,2026-05-15,↓ 净流出
金融信息服务,-2.10,2026-05-15,↓ 净流出
招商银行,-2.12,2026-05-15,↓ 净流出
安防设备,-2.13,2026-05-15,↓ 净流出
疫苗,-2.14,2026-05-15,↓ 净流出
盲盒经济,-2.15,2026-05-15,↓ 净流出
肝素概念,-2.15,2026-05-15,↓ 净流出
航空运输,-2.19,2026-05-15,↓ 净流出
电子车牌,-2.19,2026-05-15,↓ 净流出
种子,-2.19,2026-05-15,↓ 净流出
磁性材料,-2.21,2026-05-15,↓ 净流出
三孚股份,-2.21,2026-05-15,↓ 净流出
先导基电,-2.23,2026-05-15,↓ 净流出
新洁能,-2.30,2026-05-15,↓ 净流出
重组蛋白,-2.30,2026-05-15,↓ 净流出
影视动漫制作,-2.34,2026-05-15,↓ 净流出
中国卫通,-2.36,2026-05-15,↓ 净流出
中信证券,-2.40,2026-05-15,↓ 净流出
林业Ⅲ,-2.41,2026-05-15,↓ 净流出
林业Ⅱ,-2.41,2026-05-15,↓ 净流出
超跌股,-2.41,2026-05-15,↓ 净流出
水产概念,-2.43,2026-05-15,↓ 净流出
装修装饰Ⅲ,-2.43,2026-05-15,↓ 净流出
装修装饰Ⅱ,-2.43,2026-05-15,↓ 净流出
影视院线,-2.44,2026-05-15,↓ 净流出
预制菜概念,-2.44,2026-05-15,↓ 净流出
美容护理,-2.45,2026-05-15,↓ 净流出
物流,-2.46,2026-05-15,↓ 净流出
宁组合,-2.48,2026-05-15,↓ 净流出
其他金属新材料,-2.49,2026-05-15,↓ 净流出
ERP概念,-2.49,2026-05-15,↓ 净流出
医药商业,-2.51,2026-05-15,↓ 净流出
东材科技,-2.53,2026-05-15,↓ 净流出
其他电源设备Ⅱ,-2.55,2026-05-15,↓ 净流出
凯盛科技,-2.55,2026-05-15,↓ 净流出
中金黄金,-2.56,2026-05-15,↓ 净流出
低价股,-2.58,2026-05-15,↓ 净流出
东阳光,-2.59,2026-05-15,↓ 净流出
专用设备,-2.61,2026-05-15,↓ 净流出
正泰电器,-2.61,2026-05-15,↓ 净流出
豫光金铅,-2.63,2026-05-15,↓ 净流出
体外诊断概念,-2.63,2026-05-15,↓ 净流出
环氧丙烷,-2.65,2026-05-15,↓ 净流出
降解塑料,-2.67,2026-05-15,↓ 净流出
其他纺织,-2.70,2026-05-15,↓ 净流出
发电机概念,-2.71,2026-05-15,↓ 净流出
医疗设备,-2.71,2026-05-15,↓ 净流出
景旺电子,-2.73,2026-05-15,↓ 净流出
制冷空调设备,-2.75,2026-05-15,↓ 净流出
顺景科技,-2.76,2026-05-15,↓ 净流出
AIGC概念,-2.78,2026-05-15,↓ 净流出
赤峰黄金,-2.79,2026-05-15,↓ 净流出
幽门螺杆菌概念,-2.81,2026-05-15,↓ 净流出
电子纸概念,-2.88,2026-05-15,↓ 净流出
职业教育,-2.92,2026-05-15,↓ 净流出
电能综合服务,-2.92,2026-05-15,↓ 净流出
招商轮船,-2.93,2026-05-15,↓ 净流出
原料药,-2.94,2026-05-15,↓ 净流出
西部矿业,-2.94,2026-05-15,↓ 净流出
西藏板块,-2.98,2026-05-15,↓ 净流出
体外诊断,-2.99,2026-05-15,↓ 净流出
航空机场,-3.00,2026-05-15,↓ 净流出
张江高科,-3.00,2026-05-15,↓ 净流出
社区团购,-3.01,2026-05-15,↓ 净流出
有研新材,-3.02,2026-05-15,↓ 净流出
化妆品概念,-3.04,2026-05-15,↓ 净流出
环旭电子,-3.06,2026-05-15,↓ 净流出
土地流转,-3.06,2026-05-15,↓ 净流出
纺织服饰,-3.08,2026-05-15,↓ 净流出
沪企改革,-3.09,2026-05-15,↓ 净流出
纺织制造,-3.11,2026-05-15,↓ 净流出
旅游概念,-3.13,2026-05-15,↓ 净流出
地面兵装Ⅲ,-3.16,2026-05-15,↓ 净流出
地面兵装Ⅱ,-3.16,2026-05-15,↓ 净流出
华为海思,-3.17,2026-05-15,↓ 净流出
京能电力,-3.18,2026-05-15,↓ 净流出
贸易Ⅲ,-3.22,2026-05-15,↓ 净流出
贸易Ⅱ,-3.22,2026-05-15,↓ 净流出
其他电源设备Ⅲ,-3.23,2026-05-15,↓ 净流出
数据确权,-3.23,2026-05-15,↓ 净流出
CAR-T细胞疗法,-3.23,2026-05-15,↓ 净流出
C2M概念,-3.24,2026-05-15,↓ 净流出
旅游酒店,-3.24,2026-05-15,↓ 净流出
非金属材料Ⅲ,-3.29,2026-05-15,↓ 净流出
非金属材料Ⅱ,-3.29,2026-05-15,↓ 净流出
数字水印,-3.30,2026-05-15,↓ 净流出
Web3.0,-3.31,2026-05-15,↓ 净流出
其他塑料制品,-3.33,2026-05-15,↓ 净流出
金融控股,-3.36,2026-05-15,↓ 净流出
产业地产,-3.36,2026-05-15,↓ 净流出
2026一季报预减,-3.38,2026-05-15,↓ 净流出
山东黄金,-3.39,2026-05-15,↓ 净流出
转基因,-3.40,2026-05-15,↓ 净流出
独家药品,-3.40,2026-05-15,↓ 净流出
黄河旋风,-3.48,2026-05-15,↓ 净流出
啤酒概念,-3.55,2026-05-15,↓ 净流出
免疫治疗,-3.58,2026-05-15,↓ 净流出
轨交设备Ⅲ,-3.59,2026-05-15,↓ 净流出
轨交设备Ⅱ,-3.59,2026-05-15,↓ 净流出
医疗耗材,-3.61,2026-05-15,↓ 净流出
禾望电气,-3.63,2026-05-15,↓ 净流出
板材,-3.68,2026-05-15,↓ 净流出
太极实业,-3.69,2026-05-15,↓ 净流出
医废处理,-3.69,2026-05-15,↓ 净流出
中俄贸易概念,-3.72,2026-05-15,↓ 净流出
工程咨询服务Ⅲ,-3.72,2026-05-15,↓ 净流出
工程咨询服务Ⅱ,-3.72,2026-05-15,↓ 净流出
租售同权,-3.73,2026-05-15,↓ 净流出
精准诊断,-3.81,2026-05-15,↓ 净流出
GDR,-3.83,2026-05-15,↓ 净流出
中国西电,-3.83,2026-05-15,↓ 净流出
特色药,-3.90,2026-05-15,↓ 净流出
汽车拆解,-3.92,2026-05-15,↓ 净流出
江西铜业,-3.92,2026-05-15,↓ 净流出
钾肥,-3.95,2026-05-15,↓ 净流出
内蒙古,-4.00,2026-05-15,↓ 净流出
种植业,-4.02,2026-05-15,↓ 净流出
厦门钨业,-4.02,2026-05-15,↓ 净流出
方正科技,-4.03,2026-05-15,↓ 净流出
电子化学品Ⅲ,-4.09,2026-05-15,↓ 净流出
电子化学品Ⅱ,-4.09,2026-05-15,↓ 净流出
生物质能发电,-4.09,2026-05-15,↓ 净流出
共享经济,-4.10,2026-05-15,↓ 净流出
红利股,-4.16,2026-05-15,↓ 净流出
普钢,-4.17,2026-05-15,↓ 净流出
蓄电池及其他电池,-4.28,2026-05-15,↓ 净流出
快递概念,-4.29,2026-05-15,↓ 净流出
统一大市场,-4.30,2026-05-15,↓ 净流出
食品安全,-4.33,2026-05-15,↓ 净流出
红利破净股,-4.34,2026-05-15,↓ 净流出
综合Ⅲ,-4.38,2026-05-15,↓ 净流出
综合,-4.38,2026-05-15,↓ 净流出
综合Ⅱ,-4.38,2026-05-15,↓ 净流出
网红经济,-4.48,2026-05-15,↓ 净流出
彩电,-4.48,2026-05-15,↓ 净流出
甘肃板块,-4.50,2026-05-15,↓ 净流出
肝炎概念,-4.52,2026-05-15,↓ 净流出
风电零部件,-4.52,2026-05-15,↓ 净流出
社会服务,-4.55,2026-05-15,↓ 净流出
其他生物制品,-4.55,2026-05-15,↓ 净流出
免税概念,-4.58,2026-05-15,↓ 净流出
光伏辅材,-4.58,2026-05-15,↓ 净流出
冰雪经济,-4.60,2026-05-15,↓ 净流出
农化制品,-4.60,2026-05-15,↓ 净流出
燃料电池概念,-4.62,2026-05-15,↓ 净流出
生益科技,-4.63,2026-05-15,↓ 净流出
智谱AI概念,-4.63,2026-05-15,↓ 净流出
住宅开发,-4.65,2026-05-15,↓ 净流出
衢州发展,-4.67,2026-05-15,↓ 净流出
黑色家电,-4.69,2026-05-15,↓ 净流出
共进股份,-4.69,2026-05-15,↓ 净流出
金属新材料,-4.69,2026-05-15,↓ 净流出
精准医疗,-4.71,2026-05-15,↓ 净流出
山西板块,-4.72,2026-05-15,↓ 净流出
粮食概念,-4.74,2026-05-15,↓ 净流出
财税数字化,-4.78,2026-05-15,↓ 净流出
高带宽内存,-4.79,2026-05-15,↓ 净流出
天富能源,-4.82,2026-05-15,↓ 净流出
智能电视,-4.84,2026-05-15,↓ 净流出
热力服务,-4.85,2026-05-15,↓ 净流出
通用航空,-4.88,2026-05-15,↓ 净流出
影视概念,-4.90,2026-05-15,↓ 净流出
新消费,-4.91,2026-05-15,↓ 净流出
风电整机,-4.93,2026-05-15,↓ 净流出
钢铁,-4.97,2026-05-15,↓ 净流出
空间计算,-5.02,2026-05-15,↓ 净流出
中药Ⅲ,-5.03,2026-05-15,↓ 净流出
中药Ⅱ,-5.03,2026-05-15,↓ 净流出
工业母机,-5.04,2026-05-15,↓ 净流出
固废治理,-5.24,2026-05-15,↓ 净流出
滨海新区,-5.29,2026-05-15,↓ 净流出
屏下摄像,-5.32,2026-05-15,↓ 净流出
永鼎股份,-5.39,2026-05-15,↓ 净流出
吉林板块,-5.44,2026-05-15,↓ 净流出
工业气体,-5.45,2026-05-15,↓ 净流出
能源及重型设备,-5.48,2026-05-15,↓ 净流出
显示技术,-5.54,2026-05-15,↓ 净流出
婴童概念,-5.75,2026-05-15,↓ 净流出
驰宏锌锗,-5.76,2026-05-15,↓ 净流出
宏和科技,-5.77,2026-05-15,↓ 净流出
基础建设,-5.86,2026-05-15,↓ 净流出
乡村振兴,-5.86,2026-05-15,↓ 净流出
风力发电,-5.95,2026-05-15,↓ 净流出
航天电子,-5.96,2026-05-15,↓ 净流出
国电南瑞,-5.99,2026-05-15,↓ 净流出
黑龙江,-6.03,2026-05-15,↓ 净流出
多模态AI,-6.13,2026-05-15,↓ 净流出
银行,-6.21,2026-05-15,↓ 净流出
银行Ⅱ,-6.21,2026-05-15,↓ 净流出
镍,-6.22,2026-05-15,↓ 净流出
华友钴业,-6.22,2026-05-15,↓ 净流出
跨境电商,-6.27,2026-05-15,↓ 净流出
基建市政工程,-6.27,2026-05-15,↓ 净流出
电池化学品,-6.38,2026-05-15,↓ 净流出
环境治理,-6.48,2026-05-15,↓ 净流出
贵州茅台,-6.52,2026-05-15,↓ 净流出
中国铝业,-6.58,2026-05-15,↓ 净流出
农业种植,-6.65,2026-05-15,↓ 净流出
麒麟电池,-6.74,2026-05-15,↓ 净流出
磨具磨料,-6.95,2026-05-15,↓ 净流出
面板,-7.04,2026-05-15,↓ 净流出
昨日连板,-7.05,2026-05-15,↓ 净流出
零售概念,-7.09,2026-05-15,↓ 净流出
中国卫星,-7.20,2026-05-15,↓ 净流出
辅助生殖,-7.21,2026-05-15,↓ 净流出
光刻机(胶),-7.27,2026-05-15,↓ 净流出
被动元件,-7.30,2026-05-15,↓ 净流出
ChatGPT概念,-7.33,2026-05-15,↓ 净流出
在线教育,-7.35,2026-05-15,↓ 净流出
环保设备Ⅲ,-7.41,2026-05-15,↓ 净流出
环保设备Ⅱ,-7.41,2026-05-15,↓ 净流出
生物制品,-7.53,2026-05-15,↓ 净流出
商贸零售,-7.54,2026-05-15,↓ 净流出
农林牧渔,-7.61,2026-05-15,↓ 净流出
谷子经济,-7.70,2026-05-15,↓ 净流出
隆基绿能,-7.73,2026-05-15,↓ 净流出
分立器件,-7.74,2026-05-15,↓ 净流出
重庆板块,-7.79,2026-05-15,↓ 净流出
培育钻石,-7.80,2026-05-15,↓ 净流出
参股保险,-7.82,2026-05-15,↓ 净流出
知识产权,-7.84,2026-05-15,↓ 净流出
跨境支付,-7.84,2026-05-15,↓ 净流出
多元金融,-8.08,2026-05-15,↓ 净流出
青海板块,-8.12,2026-05-15,↓ 净流出
地摊经济,-8.13,2026-05-15,↓ 净流出
智慧政务,-8.19,2026-05-15,↓ 净流出
航运,-8.22,2026-05-15,↓ 净流出
房地产开发,-8.27,2026-05-15,↓ 净流出
中科曙光,-8.27,2026-05-15,↓ 净流出
数字孪生,-8.34,2026-05-15,↓ 净流出
钠离子电池,-8.39,2026-05-15,↓ 净流出
海南板块,-8.41,2026-05-15,↓ 净流出
化学制剂,-8.41,2026-05-15,↓ 净流出
晶科科技,-8.42,2026-05-15,↓ 净流出
流感,-8.44,2026-05-15,↓ 净流出
塑料,-8.44,2026-05-15,↓ 净流出
REITs概念,-8.45,2026-05-15,↓ 净流出
房地产,-8.73,2026-05-15,↓ 净流出
横向通用软件,-8.86,2026-05-15,↓ 净流出
医美概念,-8.86,2026-05-15,↓ 净流出
三安光电,-8.89,2026-05-15,↓ 净流出
减肥药,-8.90,2026-05-15,↓ 净流出
第四代半导体,-8.92,2026-05-15,↓ 净流出
特变电工,-8.96,2026-05-15,↓ 净流出
光伏主材,-9.04,2026-05-15,↓ 净流出
UWB概念,-9.04,2026-05-15,↓ 净流出
3D玻璃,-9.28,2026-05-15,↓ 净流出
医疗器械,-9.31,2026-05-15,↓ 净流出
磁悬浮概念,-9.32,2026-05-15,↓ 净流出
中国平安,-9.35,2026-05-15,↓ 净流出
工业富联,-9.44,2026-05-15,↓ 净流出
风电设备,-9.45,2026-05-15,↓ 净流出
安徽板块,-9.47,2026-05-15,↓ 净流出
航运港口,-9.53,2026-05-15,↓ 净流出
线缆部件及其他,-9.62,2026-05-15,↓ 净流出
ETC,-9.64,2026-05-15,↓ 净流出
电动乘用车,-9.72,2026-05-15,↓ 净流出
国资云概念,-9.72,2026-05-15,↓ 净流出
装配建筑,-9.76,2026-05-15,↓ 净流出
创新医疗服务,-9.76,2026-05-15,↓ 净流出
IPv6,-9.88,2026-05-15,↓ 净流出
河南板块,-9.92,2026-05-15,↓ 净流出
上海自贸,-9.93,2026-05-15,↓ 净流出
天通股份,-9.97,2026-05-15,↓ 净流出
辽宁板块,-10.01,2026-05-15,↓ 净流出
雅下水电概念,-10.04,2026-05-15,↓ 净流出
东北振兴,-10.10,2026-05-15,↓ 净流出
膜材料,-10.15,2026-05-15,↓ 净流出
烽火通信,-10.25,2026-05-15,↓ 净流出
IT服务Ⅲ,-10.33,2026-05-15,↓ 净流出
IT服务Ⅱ,-10.33,2026-05-15,↓ 净流出
集成电路制造,-10.44,2026-05-15,↓ 净流出
电网自动化设备,-10.50,2026-05-15,↓ 净流出
航母概念,-10.54,2026-05-15,↓ 净流出
病毒防治,-10.74,2026-05-15,↓ 净流出
科创板做市商,-10.75,2026-05-15,↓ 净流出
VPN,-10.77,2026-05-15,↓ 净流出
PEEK材料概念,-10.81,2026-05-15,↓ 净流出
乘用车,-10.86,2026-05-15,↓ 净流出
天然气,-10.98,2026-05-15,↓ 净流出
北交所概念,-11.01,2026-05-15,↓ 净流出
白银,-11.15,2026-05-15,↓ 净流出
华为昇腾,-11.19,2026-05-15,↓ 净流出
半导体材料,-11.24,2026-05-15,↓ 净流出
钨,-11.25,2026-05-15,↓ 净流出
光伏加工设备,-11.29,2026-05-15,↓ 净流出
其他电子Ⅲ,-11.34,2026-05-15,↓ 净流出
其他电子Ⅱ,-11.34,2026-05-15,↓ 净流出
化学制药,-11.36,2026-05-15,↓ 净流出
光学元件,-11.37,2026-05-15,↓ 净流出
长飞光纤,-11.38,2026-05-15,↓ 净流出
贵州板块,-11.45,2026-05-15,↓ 净流出
全息技术,-11.47,2026-05-15,↓ 净流出
垃圾分类,-11.56,2026-05-15,↓ 净流出
通信终端及配件,-11.59,2026-05-15,↓ 净流出
碳基材料,-11.60,2026-05-15,↓ 净流出
智能家居,-11.63,2026-05-15,↓ 净流出
中盘价值,-11.64,2026-05-15,↓ 净流出
单抗概念,-11.76,2026-05-15,↓ 净流出
植物照明,-11.77,2026-05-15,↓ 净流出
河北板块,-11.79,2026-05-15,↓ 净流出
中国巨石,-11.85,2026-05-15,↓ 净流出
微利股,-11.89,2026-05-15,↓ 净流出
洛阳钼业,-12.05,2026-05-15,↓ 净流出
时空大数据,-12.30,2026-05-15,↓ 净流出
元宇宙概念,-12.38,2026-05-15,↓ 净流出
昨日连板_含一字,-12.46,2026-05-15,↓ 净流出
AI智能体,-12.55,2026-05-15,↓ 净流出
化债(AMC)概念,-12.68,2026-05-15,↓ 净流出
中药概念,-12.74,2026-05-15,↓ 净流出
煤化工概念,-12.74,2026-05-15,↓ 净流出
创新药,-12.78,2026-05-15,↓ 净流出
垂直应用软件,-12.88,2026-05-15,↓ 净流出
EDR概念,-13.04,2026-05-15,↓ 净流出
混合现实,-13.16,2026-05-15,↓ 净流出
油气资源,-13.29,2026-05-15,↓ 净流出
保险Ⅲ,-13.39,2026-05-15,↓ 净流出
保险Ⅱ,-13.39,2026-05-15,↓ 净流出
新零售,-13.40,2026-05-15,↓ 净流出
建筑装饰,-13.55,2026-05-15,↓ 净流出
ST股,-13.59,2026-05-15,↓ 净流出
LED,-13.68,2026-05-15,↓ 净流出
新型城镇化,-13.72,2026-05-15,↓ 净流出
环保,-13.90,2026-05-15,↓ 净流出
钒电池,-13.97,2026-05-15,↓ 净流出
黄金,-14.04,2026-05-15,↓ 净流出
网络游戏,-14.06,2026-05-15,↓ 净流出
虚拟机器人,-14.09,2026-05-15,↓ 净流出
海南自贸,-14.12,2026-05-15,↓ 净流出
复合集流体,-14.22,2026-05-15,↓ 净流出
荣耀概念,-14.45,2026-05-15,↓ 净流出
交通运输,-14.49,2026-05-15,↓ 净流出
病原体防治,-14.65,2026-05-15,↓ 净流出
互联网服务,-14.82,2026-05-15,↓ 净流出
汽车整车,-14.91,2026-05-15,↓ 净流出
稀土永磁,-15.01,2026-05-15,↓ 净流出
内贸流通,-15.26,2026-05-15,↓ 净流出
空间站概念,-15.34,2026-05-15,↓ 净流出
铅锌,-15.38,2026-05-15,↓ 净流出
亨通光电,-15.77,2026-05-15,↓ 净流出
养老概念,-15.90,2026-05-15,↓ 净流出
安防概念,-16.02,2026-05-15,↓ 净流出
3D摄像头,-16.35,2026-05-15,↓ 净流出
高压快充,-16.59,2026-05-15,↓ 净流出
工程建设,-16.68,2026-05-15,↓ 净流出
磷化工,-17.13,2026-05-15,↓ 净流出
航天装备Ⅲ,-17.29,2026-05-15,↓ 净流出
航天装备Ⅱ,-17.29,2026-05-15,↓ 净流出
次新股,-17.42,2026-05-15,↓ 净流出
刀片电池,-17.44,2026-05-15,↓ 净流出
换电概念,-17.55,2026-05-15,↓ 净流出
铝,-17.74,2026-05-15,↓ 净流出
IPO受益,-17.99,2026-05-15,↓ 净流出
航空装备Ⅲ,-18.18,2026-05-15,↓ 净流出
航空装备Ⅱ,-18.18,2026-05-15,↓ 净流出
氮化镓,-18.18,2026-05-15,↓ 净流出
火力发电,-18.22,2026-05-15,↓ 净流出
IGBT概念,-18.27,2026-05-15,↓ 净流出
碳纤维,-18.31,2026-05-15,↓ 净流出
激光雷达,-18.79,2026-05-15,↓ 净流出
激光设备,-18.82,2026-05-15,↓ 净流出
柔性屏(折叠屏),-18.90,2026-05-15,↓ 净流出
锂,-19.17,2026-05-15,↓ 净流出
中芯概念,-19.24,2026-05-15,↓ 净流出
白酒Ⅲ,-19.27,2026-05-15,↓ 净流出
白酒Ⅱ,-19.27,2026-05-15,↓ 净流出
并购重组概念,-19.39,2026-05-15,↓ 净流出
陕西板块,-19.59,2026-05-15,↓ 净流出
AI应用,-19.71,2026-05-15,↓ 净流出
紫金矿业,-19.72,2026-05-15,↓ 净流出
模拟芯片设计,-20.19,2026-05-15,↓ 净流出
中天科技,-20.20,2026-05-15,↓ 净流出
虚拟电厂,-20.36,2026-05-15,↓ 净流出
水利建设,-20.68,2026-05-15,↓ 净流出
数字货币,-20.68,2026-05-15,↓ 净流出
酿酒概念,-20.80,2026-05-15,↓ 净流出
光伏发电,-20.89,2026-05-15,↓ 净流出
味蕾经济,-21.18,2026-05-15,↓ 净流出
医疗器械概念,-21.71,2026-05-15,↓ 净流出
软件开发,-21.74,2026-05-15,↓ 净流出
移动支付,-22.06,2026-05-15,↓ 净流出
长期破净,-22.29,2026-05-15,↓ 净流出
2025三季报预增,-22.41,2026-05-15,↓ 净流出
其他小金属,-22.47,2026-05-15,↓ 净流出
超级品牌,-22.64,2026-05-15,↓ 净流出
白酒,-22.71,2026-05-15,↓ 净流出
小盘价值,-22.94,2026-05-15,↓ 净流出
2026一季报扭亏,-22.94,2026-05-15,↓ 净流出
锂电池,-23.04,2026-05-15,↓ 净流出
MLCC,-23.14,2026-05-15,↓ 净流出
参股新三板,-23.78,2026-05-15,↓ 净流出
新疆板块,-23.80,2026-05-15,↓ 净流出
超超临界发电,-23.90,2026-05-15,↓ 净流出
电子烟,-24.12,2026-05-15,↓ 净流出
食品饮料,-24.23,2026-05-15,↓ 净流出
PPP模式,-24.38,2026-05-15,↓ 净流出
WiFi,-24.72,2026-05-15,↓ 净流出
玻纤制造,-24.90,2026-05-15,↓ 净流出
先进封装,-24.93,2026-05-15,↓ 净流出
破发股,-25.00,2026-05-15,↓ 净流出
边缘计算,-25.01,2026-05-15,↓ 净流出
贵金属,-25.19,2026-05-15,↓ 净流出
传感器,-25.45,2026-05-15,↓ 净流出
MicroLED,-25.82,2026-05-15,↓ 净流出
军工电子Ⅲ,-25.83,2026-05-15,↓ 净流出
军工电子Ⅱ,-25.83,2026-05-15,↓ 净流出
输变电设备,-26.00,2026-05-15,↓ 净流出
玻璃玻纤,-26.03,2026-05-15,↓ 净流出
小米汽车,-26.13,2026-05-15,↓ 净流出
独角兽,-26.44,2026-05-15,↓ 净流出
航天航空,-26.57,2026-05-15,↓ 净流出
成渝特区,-26.60,2026-05-15,↓ 净流出
光伏电池组件,-26.76,2026-05-15,↓ 净流出
湖南板块,-26.77,2026-05-15,↓ 净流出
小金属,-26.92,2026-05-15,↓ 净流出
数字经济,-27.12,2026-05-15,↓ 净流出
能源金属,-27.27,2026-05-15,↓ 净流出
互联医疗,-27.66,2026-05-15,↓ 净流出
BC电池,-27.75,2026-05-15,↓ 净流出
建筑材料,-27.89,2026-05-15,↓ 净流出
超导概念,-28.20,2026-05-15,↓ 净流出
被动元件概念,-28.41,2026-05-15,↓ 净流出
铁路基建,-28.64,2026-05-15,↓ 净流出
抽水蓄能,-28.84,2026-05-15,↓ 净流出
钙钛矿电池,-29.19,2026-05-15,↓ 净流出
蚂蚁概念,-29.47,2026-05-15,↓ 净流出
核能核电,-29.50,2026-05-15,↓ 净流出
湖北自贸,-29.70,2026-05-15,↓ 净流出
碳交易,-30.13,2026-05-15,↓ 净流出
电商概念,-30.38,2026-05-15,↓ 净流出
破净股,-30.51,2026-05-15,↓ 净流出
江西板块,-31.10,2026-05-15,↓ 净流出
大飞机,-31.59,2026-05-15,↓ 净流出
超级电容,-31.91,2026-05-15,↓ 净流出
雄安新区,-31.98,2026-05-15,↓ 净流出
光伏设备,-32.02,2026-05-15,↓ 净流出
光学光电子,-32.09,2026-05-15,↓ 净流出
茅指数,-32.30,2026-05-15,↓ 净流出
昨日首板,-32.42,2026-05-15,↓ 净流出
无线耳机,-32.45,2026-05-15,↓ 净流出
AI手机,-33.68,2026-05-15,↓ 净流出
云南板块,-33.74,2026-05-15,↓ 净流出
其他计算机设备,-33.92,2026-05-15,↓ 净流出
参股期货,-34.33,2026-05-15,↓ 净流出
消费电子,-34.52,2026-05-15,↓ 净流出
消费电子零部件及组装,-34.60,2026-05-15,↓ 净流出
电网设备,-34.83,2026-05-15,↓ 净流出
电池,-35.15,2026-05-15,↓ 净流出
动力电池回收,-35.38,2026-05-15,↓ 净流出
医药生物,-35.53,2026-05-15,↓ 净流出
证券Ⅲ,-35.60,2026-05-15,↓ 净流出
证券Ⅱ,-35.60,2026-05-15,↓ 净流出
计算机设备,-36.05,2026-05-15,↓ 净流出
虚拟现实,-36.26,2026-05-15,↓ 净流出
昨日涨停,-36.58,2026-05-15,↓ 净流出
特斯拉概念,-37.06,2026-05-15,↓ 净流出
2025年报扭亏,-37.35,2026-05-15,↓ 净流出
工业互联,-37.46,2026-05-15,↓ 净流出
HJT电池,-38.90,2026-05-15,↓ 净流出
鸿蒙概念,-38.92,2026-05-15,↓ 净流出
浙江板块,-39.09,2026-05-15,↓ 净流出
北京板块,-39.18,2026-05-15,↓ 净流出
北斗导航,-39.48,2026-05-15,↓ 净流出
蓝宝石,-40.61,2026-05-15,↓ 净流出
氢能源,-40.70,2026-05-15,↓ 净流出
数据要素,-40.86,2026-05-15,↓ 净流出
石墨烯,-41.25,2026-05-15,↓ 净流出
智能穿戴,-41.46,2026-05-15,↓ 净流出
东数西算,-41.81,2026-05-15,↓ 净流出
数据安全,-42.16,2026-05-15,↓ 净流出
券商概念,-42.21,2026-05-15,↓ 净流出
国产软件,-42.53,2026-05-15,↓ 净流出
抖音概念(字节概念),-42.66,2026-05-15,↓ 净流出
山东板块,-44.40,2026-05-15,↓ 净流出
TOPCon电池,-44.71,2026-05-15,↓ 净流出
四川板块,-45.62,2026-05-15,↓ 净流出
昨日涨停_含一字,-45.77,2026-05-15,↓ 净流出
央视50_,-46.48,2026-05-15,↓ 净流出
3D打印,-47.34,2026-05-15,↓ 净流出
无线充电,-47.57,2026-05-15,↓ 净流出
天津板块,-47.97,2026-05-15,↓ 净流出
毫米波概念,-48.12,2026-05-15,↓ 净流出
海洋经济,-48.14,2026-05-15,↓ 净流出
反内卷概念,-48.56,2026-05-15,↓ 净流出
公用事业,-49.52,2026-05-15,↓ 净流出
电力,-49.59,2026-05-15,↓ 净流出
智慧城市,-50.81,2026-05-15,↓ 净流出
超清视频,-51.61,2026-05-15,↓ 净流出
中字头,-52.10,2026-05-15,↓ 净流出
无人机,-52.13,2026-05-15,↓ 净流出
铜,-52.37,2026-05-15,↓ 净流出
破增发价股,-52.84,2026-05-15,↓ 净流出
绿色电力,-53.58,2026-05-15,↓ 净流出
碳化硅,-55.68,2026-05-15,↓ 净流出
汽车芯片,-55.91,2026-05-15,↓ 净流出
英伟达概念,-55.98,2026-05-15,↓ 净流出
转债标的,-57.04,2026-05-15,↓ 净流出
非银金融,-57.06,2026-05-15,↓ 净流出
2025年报预减,-58.68,2026-05-15,↓ 净流出
节能环保,-59.32,2026-05-15,↓ 净流出
铜缆高速连接,-59.60,2026-05-15,↓ 净流出
可控核聚变,-59.83,2026-05-15,↓ 净流出
中特估,-61.80,2026-05-15,↓ 净流出
福建板块,-62.22,2026-05-15,↓ 净流出
养老金,-62.25,2026-05-15,↓ 净流出
6G概念,-62.33,2026-05-15,↓ 净流出
通信线缆及配套,-63.13,2026-05-15,↓ 净流出
低空经济,-64.19,2026-05-15,↓ 净流出
国防军工,-64.42,2026-05-15,↓ 净流出
大盘价值,-65.51,2026-05-15,↓ 净流出
阿里概念,-65.84,2026-05-15,↓ 净流出
锂矿概念,-67.80,2026-05-15,↓ 净流出
计算机,-68.12,2026-05-15,↓ 净流出
网络安全,-68.14,2026-05-15,↓ 净流出
MiniLED,-68.87,2026-05-15,↓ 净流出
参股银行,-69.47,2026-05-15,↓ 净流出
车联网(车路云),-71.56,2026-05-15,↓ 净流出
卫星互联网,-73.51,2026-05-15,↓ 净流出
LED概念,-74.07,2026-05-15,↓ 净流出
创投,-74.50,2026-05-15,↓ 净流出
消费电子概念,-74.84,2026-05-15,↓ 净流出
海工装备,-75.36,2026-05-15,↓ 净流出
参股券商,-75.56,2026-05-15,↓ 净流出
小米概念,-76.06,2026-05-15,↓ 净流出
行业龙头,-76.57,2026-05-15,↓ 净流出
百度概念,-76.58,2026-05-15,↓ 净流出
湖北板块,-76.76,2026-05-15,↓ 净流出
AIPC,-76.81,2026-05-15,↓ 净流出
风能,-77.44,2026-05-15,↓ 净流出
区块链,-77.88,2026-05-15,↓ 净流出
AI眼镜,-78.42,2026-05-15,↓ 净流出
军民融合,-78.89,2026-05-15,↓ 净流出
F5G概念,-79.22,2026-05-15,↓ 净流出
互联网金融,-81.42,2026-05-15,↓ 净流出
固态电池,-81.47,2026-05-15,↓ 净流出
通信网络设备及器件,-83.17,2026-05-15,↓ 净流出
机器人概念,-84.08,2026-05-15,↓ 净流出
AI芯片,-84.48,2026-05-15,↓ 净流出
工业金属,-85.48,2026-05-15,↓ 净流出
无人驾驶,-87.47,2026-05-15,↓ 净流出
历史新高,-88.66,2026-05-15,↓ 净流出
云计算,-91.09,2026-05-15,↓ 净流出
第三代半导体,-91.60,2026-05-15,↓ 净流出
苹果概念,-91.66,2026-05-15,↓ 净流出
特高压,-92.62,2026-05-15,↓ 净流出
贬值受益,-94.01,2026-05-15,↓ 净流出
量子科技,-94.22,2026-05-15,↓ 净流出
新能源车,-94.34,2026-05-15,↓ 净流出
DeepSeek概念,-94.51,2026-05-15,↓ 净流出
昨日高换手,-95.15,2026-05-15,↓ 净流出
QFII重仓,-97.38,2026-05-15,↓ 净流出
印制电路板,-98.52,2026-05-15,↓ 净流出
电力设备,-99.18,2026-05-15,↓ 净流出
黄金概念,-100.19,2026-05-15,↓ 净流出
充电桩,-101.31,2026-05-15,↓ 净流出
创业成份,-105.22,2026-05-15,↓ 净流出
元件,-105.82,2026-05-15,↓ 净流出
液冷概念,-106.11,2026-05-15,↓ 净流出
稀缺资源,-106.33,2026-05-15,↓ 净流出
智能电网,-107.09,2026-05-15,↓ 净流出
电网概念,-116.17,2026-05-15,↓ 净流出
深证100R,-119.18,2026-05-15,↓ 净流出
新材料,-119.66,2026-05-15,↓ 净流出
上海板块,-121.20,2026-05-15,↓ 净流出
长江三角,-124.38,2026-05-15,↓ 净流出
上证50_,-124.39,2026-05-15,↓ 净流出
军工,-127.69,2026-05-15,↓ 净流出
权重股,-127.93,2026-05-15,↓ 净流出
新能源,-128.86,2026-05-15,↓ 净流出
百日新高,-130.63,2026-05-15,↓ 净流出
2026一季报预增,-133.14,2026-05-15,↓ 净流出
最近多板,-133.78,2026-05-15,↓ 净流出
OLED,-134.18,2026-05-15,↓ 净流出
储能概念,-134.81,2026-05-15,↓ 净流出
近期新高,-141.69,2026-05-15,↓ 净流出
大数据,-142.64,2026-05-15,↓ 净流出
AH股,-143.07,2026-05-15,↓ 净流出
小盘成长,-143.72,2026-05-15,↓ 净流出
存储芯片,-144.09,2026-05-15,↓ 净流出
信创,-146.86,2026-05-15,↓ 净流出
数字芯片设计,-148.28,2026-05-15,↓ 净流出
江苏板块,-148.60,2026-05-15,↓ 净流出
数据中心,-152.16,2026-05-15,↓ 净流出
专精特新,-152.54,2026-05-15,↓ 净流出
通信,-153.56,2026-05-15,↓ 净流出
人工智能,-155.99,2026-05-15,↓ 净流出
小金属概念,-157.48,2026-05-15,↓ 净流出
锂电池概念,-157.68,2026-05-15,↓ 净流出
物联网,-158.10,2026-05-15,↓ 净流出
通信设备,-158.63,2026-05-15,↓ 净流出
西部大开发,-158.78,2026-05-15,↓ 净流出
CPO概念,-159.91,2026-05-15,↓ 净流出
商业航天,-160.59,2026-05-15,↓ 净流出
证金持股,-163.81,2026-05-15,↓ 净流出
深圳特区,-164.99,2026-05-15,↓ 净流出
上证380,-167.30,2026-05-15,↓ 净流出
有色金属,-169.56,2026-05-15,↓ 净流出
电池技术,-177.11,2026-05-15,↓ 净流出
光纤概念,-178.41,2026-05-15,↓ 净流出
PCB,-179.83,2026-05-15,↓ 净流出
半导体,-181.21,2026-05-15,↓ 净流出
基金重仓,-196.01,2026-05-15,↓ 净流出
一带一路,-196.56,2026-05-15,↓ 净流出
算力概念,-201.17,2026-05-15,↓ 净流出
周期股,-203.84,2026-05-15,↓ 净流出
光伏概念,-205.11,2026-05-15,↓ 净流出
中盘成长,-210.45,2026-05-15,↓ 净流出
上证180_,-218.19,2026-05-15,↓ 净流出
大盘成长,-229.65,2026-05-15,↓ 净流出
小盘股,-237.28,2026-05-15,↓ 净流出
机构重仓,-246.36,2026-05-15,↓ 净流出
创业板综,-250.72,2026-05-15,↓ 净流出
广东板块,-265.82,2026-05-15,↓ 净流出
光通信模块,-266.88,2026-05-15,↓ 净流出
东方财富热股,-268.88,2026-05-15,↓ 净流出
中盘股,-298.79,2026-05-15,↓ 净流出
中证500,-304.81,2026-05-15,↓ 净流出
华为概念,-331.16,2026-05-15,↓ 净流出
半导体概念,-331.83,2026-05-15,↓ 净流出
昨日高振幅,-332.80,2026-05-15,↓ 净流出
2025年报预增,-340.46,2026-05-15,↓ 净流出
HS300_,-359.05,2026-05-15,↓ 净流出
国产芯片,-359.85,2026-05-15,↓ 净流出
电子,-369.07,2026-05-15,↓ 净流出
央国企改革,-382.98,2026-05-15,↓ 净流出
5G概念,-388.41,2026-05-15,↓ 净流出
深成500,-391.56,2026-05-15,↓ 净流出
百元股,-416.36,2026-05-15,↓ 净流出
通信技术,-435.18,2026-05-15,↓ 净流出
大盘股,-460.34,2026-05-15,↓ 净流出
标准普尔,-498.56,2026-05-15,↓ 净流出
深股通,-533.32,2026-05-15,↓ 净流出
沪股通,-546.51,2026-05-15,↓ 净流出
MSCI中国,-661.52,2026-05-15,↓ 净流出
富时罗素,-669.43,2026-05-15,↓ 净流出
融资融券,-1058.98,2026-05-15,↓ 净流出
减速器,49.88,2026-05-15,↑ 净流入
人形机器人,36.23,2026-05-15,↑ 净流入
机器人执行器,34.45,2026-05-15,↑ 净流入
华为汽车,26.68,2026-05-15,↑ 净流入
汽车零部件,25.13,2026-05-15,↑ 净流入
汽车热管理,24.70,2026-05-15,↑ 净流入
化工原料,22.59,2026-05-15,↑ 净流入
氟化工,22.39,2026-05-15,↑ 净流入
空气能热泵,21.62,2026-05-15,↑ 净流入
逆变器,21.03,2026-05-15,↑ 净流入
化学制品,20.52,2026-05-15,↑ 净流入
氟化工概念,19.09,2026-05-15,↑ 净流入
机器人,18.45,2026-05-15,↑ 净流入
机械设备,18.17,2026-05-15,↑ 净流入
金属制品,17.24,2026-05-15,↑ 净流入
家用电器,14.95,2026-05-15,↑ 净流入
电机Ⅲ,14.80,2026-05-15,↑ 净流入
电机Ⅱ,14.80,2026-05-15,↑ 净流入
PVDF概念,14.71,2026-05-15,↑ 净流入
家电零部件Ⅲ,14.43,2026-05-15,↑ 净流入
家电零部件Ⅱ,14.43,2026-05-15,↑ 净流入
传媒,14.21,2026-05-15,↑ 净流入
通用设备,13.04,2026-05-15,↑ 净流入
配电设备,12.46,2026-05-15,↑ 净流入
底盘与发动机系统,12.36,2026-05-15,↑ 净流入
汽车,11.70,2026-05-15,↑ 净流入
冷链物流,11.47,2026-05-15,↑ 净流入
汽车一体化压铸,11.46,2026-05-15,↑ 净流入
广告营销,11.12,2026-05-15,↑ 净流入
营销代理,10.97,2026-05-15,↑ 净流入
PLC概念,8.98,2026-05-15,↑ 净流入
集成电路封测,8.87,2026-05-15,↑ 净流入
自动化设备,8.86,2026-05-15,↑ 净流入
稀土,8.85,2026-05-15,↑ 净流入
工控设备,7.91,2026-05-15,↑ 净流入
车身附件及饰件,7.86,2026-05-15,↑ 净流入
半导体设备,7.81,2026-05-15,↑ 净流入
小红书概念,7.32,2026-05-15,↑ 净流入
快手概念,7.31,2026-05-15,↑ 净流入
核污染防治,7.27,2026-05-15,↑ 净流入
虚拟数字人,7.13,2026-05-15,↑ 净流入
机器视觉,6.92,2026-05-15,↑ 净流入
AI语料,6.74,2026-05-15,↑ 净流入
仪器仪表,5.87,2026-05-15,↑ 净流入
彩票概念,5.61,2026-05-15,↑ 净流入
体育产业,5.57,2026-05-15,↑ 净流入
基础化工,5.15,2026-05-15,↑ 净流入
通信服务,5.07,2026-05-15,↑ 净流入
大众出版,4.73,2026-05-15,↑ 净流入
动力煤,4.71,2026-05-15,↑ 净流入
出版,4.68,2026-05-15,↑ 净流入
合成树脂,4.65,2026-05-15,↑ 净流入
汽车电子电气系统,4.61,2026-05-15,↑ 净流入
煤炭开采,4.56,2026-05-15,↑ 净流入
煤炭,4.48,2026-05-15,↑ 净流入
白色家电,4.39,2026-05-15,↑ 净流入
空调,4.26,2026-05-15,↑ 净流入
净水概念,3.84,2026-05-15,↑ 净流入
家居用品,3.61,2026-05-15,↑ 净流入
轻工制造,3.47,2026-05-15,↑ 净流入
昨日炸板,3.17,2026-05-15,↑ 净流入
其他专用设备,2.99,2026-05-15,↑ 净流入
同步磁阻电机,2.98,2026-05-15,↑ 净流入
电信运营商,2.97,2026-05-15,↑ 净流入
石油石化,2.91,2026-05-15,↑ 净流入
电子竞技,2.80,2026-05-15,↑ 净流入
昨日触板,2.72,2026-05-15,↑ 净流入
粤港自贸,2.49,2026-05-15,↑ 净流入
工程机械,2.46,2026-05-15,↑ 净流入
其他专业工程,2.39,2026-05-15,↑ 净流入
清洁小家电,2.28,2026-05-15,↑ 净流入
飞行汽车(eVTOL),2.28,2026-05-15,↑ 净流入
无机盐,2.15,2026-05-15,↑ 净流入
地下管网,2.13,2026-05-15,↑ 净流入
生物识别,2.08,2026-05-15,↑ 净流入
有机硅概念,2.00,2026-05-15,↑ 净流入
尾气治理,1.98,2026-05-15,↑ 净流入
门户网站,1.94,2026-05-15,↑ 净流入
核力发电,1.92,2026-05-15,↑ 净流入
油气开采Ⅲ,1.90,2026-05-15,↑ 净流入
油气开采Ⅱ,1.90,2026-05-15,↑ 净流入
小家电,1.88,2026-05-15,↑ 净流入
数字媒体,1.86,2026-05-15,↑ 净流入
成品家居,1.76,2026-05-15,↑ 净流入
资源开采概念,1.73,2026-05-15,↑ 净流入
商业物业经营,1.61,2026-05-15,↑ 净流入
化学原料,1.46,2026-05-15,↑ 净流入
工程机械器件,1.43,2026-05-15,↑ 净流入
户外露营,1.39,2026-05-15,↑ 净流入
裸眼3D,1.33,2026-05-15,↑ 净流入
通信工程及服务,1.32,2026-05-15,↑ 净流入
其他自动化设备,1.32,2026-05-15,↑ 净流入
瓷砖地板,1.32,2026-05-15,↑ 净流入
娱乐用品,1.28,2026-05-15,↑ 净流入
动物保健Ⅲ,1.28,2026-05-15,↑ 净流入
动物保健Ⅱ,1.28,2026-05-15,↑ 净流入
炼油化工,1.28,2026-05-15,↑ 净流入
水力发电,1.26,2026-05-15,↑ 净流入
综合电力设备商,1.21,2026-05-15,↑ 净流入
建筑节能,1.20,2026-05-15,↑ 净流入
退税商店,1.17,2026-05-15,↑ 净流入
氨纶,1.09,2026-05-15,↑ 净流入
工程机械整机,1.04,2026-05-15,↑ 净流入
代糖概念,0.99,2026-05-15,↑ 净流入
油品石化贸易,0.96,2026-05-15,↑ 净流入
文娱用品,0.91,2026-05-15,↑ 净流入
AI制药（医疗）,0.91,2026-05-15,↑ 净流入
房屋检测,0.88,2026-05-15,↑ 净流入
2025三季报扭亏,0.85,2026-05-15,↑ 净流入
工程机械概念,0.82,2026-05-15,↑ 净流入
氮肥,0.81,2026-05-15,↑ 净流入
铁路运输,0.80,2026-05-15,↑ 净流入
通信应用增值服务,0.78,2026-05-15,↑ 净流入
其他运输设备,0.77,2026-05-15,↑ 净流入
印刷包装机械,0.76,2026-05-15,↑ 净流入
服装家纺,0.74,2026-05-15,↑ 净流入
油服工程,0.72,2026-05-15,↑ 净流入
电子身份证,0.70,2026-05-15,↑ 净流入
其他通用设备,0.68,2026-05-15,↑ 净流入
工业大麻,0.67,2026-05-15,↑ 净流入
复合肥,0.66,2026-05-15,↑ 净流入
昨日打二板以上表现,0.66,2026-05-15,↑ 净流入
包装印刷,0.63,2026-05-15,↑ 净流入
食品及饲料添加剂,0.62,2026-05-15,↑ 净流入
其他汽车零部件,0.61,2026-05-15,↑ 净流入
特钢Ⅲ,0.57,2026-05-15,↑ 净流入
特钢Ⅱ,0.57,2026-05-15,↑ 净流入
图片媒体,0.57,2026-05-15,↑ 净流入
油气及炼化工程,0.56,2026-05-15,↑ 净流入
纸包装,0.50,2026-05-15,↑ 净流入
铁路公路,0.50,2026-05-15,↑ 净流入
塑料包装,0.48,2026-05-15,↑ 净流入
印刷,0.46,2026-05-15,↑ 净流入
锦纶,0.46,2026-05-15,↑ 净流入
橡胶,0.46,2026-05-15,↑ 净流入
胶黏剂及胶带,0.43,2026-05-15,↑ 净流入
其他家电Ⅲ,0.42,2026-05-15,↑ 净流入
其他家电Ⅱ,0.42,2026-05-15,↑ 净流入
园林工程,0.41,2026-05-15,↑ 净流入
短剧互动游戏,0.41,2026-05-15,↑ 净流入
改性塑料,0.39,2026-05-15,↑ 净流入
鞋帽及其他,0.38,2026-05-15,↑ 净流入
广西板块,0.37,2026-05-15,↑ 净流入
橡胶助剂,0.34,2026-05-15,↑ 净流入
定制家居,0.34,2026-05-15,↑ 净流入
炭黑,0.32,2026-05-15,↑ 净流入
畜禽饲料,0.32,2026-05-15,↑ 净流入
医院,0.29,2026-05-15,↑ 净流入
水务及水治理,0.29,2026-05-15,↑ 净流入
炼化及贸易,0.28,2026-05-15,↑ 净流入
其他医疗服务,0.28,2026-05-15,↑ 净流入
其他化学原料,0.27,2026-05-15,↑ 净流入
管材,0.26,2026-05-15,↑ 净流入
股权转让,0.25,2026-05-15,↑ 净流入
非运动服装,0.23,2026-05-15,↑ 净流入
防水材料,0.22,2026-05-15,↑ 净流入
印染,0.21,2026-05-15,↑ 净流入
其他家居用品,0.21,2026-05-15,↑ 净流入
首发经济,0.20,2026-05-15,↑ 净流入
汽车服务,0.20,2026-05-15,↑ 净流入
医疗服务,0.20,2026-05-15,↑ 净流入
Kimi概念,0.20,2026-05-15,↑ 净流入
有机硅,0.20,2026-05-15,↑ 净流入
化妆品制造及其他,0.19,2026-05-15,↑ 净流入
其他建材Ⅲ,0.17,2026-05-15,↑ 净流入
油田服务,0.16,2026-05-15,↑ 净流入
广告媒体,0.15,2026-05-15,↑ 净流入
供销社概念,0.15,2026-05-15,↑ 净流入
冰洗,0.13,2026-05-15,↑ 净流入
水产饲料,0.13,2026-05-15,↑ 净流入
综合包装,0.13,2026-05-15,↑ 净流入
体育Ⅲ,0.13,2026-05-15,↑ 净流入
体育Ⅱ,0.13,2026-05-15,↑ 净流入
农用机械,0.13,2026-05-15,↑ 净流入
轮毂电机,0.12,2026-05-15,↑ 净流入
钛白粉,0.11,2026-05-15,↑ 净流入
汽车经销商,0.11,2026-05-15,↑ 净流入
其他专业服务,0.10,2026-05-15,↑ 净流入
科创板做市股,0.10,2026-05-15,↑ 净流入
纯碱,0.09,2026-05-15,↑ 净流入
预加工食品,0.09,2026-05-15,↑ 净流入
汽车综合服务,0.09,2026-05-15,↑ 净流入
品牌消费电子,0.08,2026-05-15,↑ 净流入
医美服务,0.08,2026-05-15,↑ 净流入
资产管理,0.08,2026-05-15,↑ 净流入
其他数字媒体,0.07,2026-05-15,↑ 净流入
燃气Ⅲ,0.07,2026-05-15,↑ 净流入
燃气Ⅱ,0.07,2026-05-15,↑ 净流入
运动服装,0.07,2026-05-15,↑ 净流入
家纺,0.06,2026-05-15,↑ 净流入
其他能源发电,0.05,2026-05-15,↑ 净流入
房地产综合服务,0.05,2026-05-15,↑ 净流入
饲料,0.05,2026-05-15,↑ 净流入
专业连锁Ⅲ,0.05,2026-05-15,↑ 净流入
专业连锁Ⅱ,0.05,2026-05-15,↑ 净流入
航海装备Ⅲ,0.04,2026-05-15,↑ 净流入
航海装备Ⅱ,0.04,2026-05-15,↑ 净流入
农业综合Ⅲ,0.02,2026-05-15,↑ 净流入
农业综合Ⅱ,0.02,2026-05-15,↑ 净流入
熟食,0.01,2026-05-15,↑ 净流入
自然景区,0.01,2026-05-15,↑ 净流入
华电B股,0.00,2026-05-15,↓ 净流出
辅料,0.00,2026-05-15,↓ 净流出
水泥制品,0.00,2026-05-15,↓ 净流出
氯碱Ｂ股,0.00,2026-05-15,↓ 净流出
海科B,0.00,2026-05-15,↓ 净流出
天雁B股,0.00,2026-05-15,↓ 净流出
百联Ｂ股,0.00,2026-05-15,↓ 净流出
云赛Ｂ股,0.00,2026-05-15,↓ 净流出
海立Ｂ股,0.00,2026-05-15,↓ 净流出
中毅达B,0.00,2026-05-15,↓ 净流出
耀皮Ｂ股,0.00,2026-05-15,↓ 净流出
金桥Ｂ股,-0.00,2026-05-15,↓ 净流出
海欣Ｂ股,-0.00,2026-05-15,↓ 净流出
大众Ｂ股,-0.00,2026-05-15,↓ 净流出
物贸Ｂ股,-0.00,2026-05-15,↓ 净流出
国新B股,-0.00,2026-05-15,↓ 净流出
XD宝信Ｂ,-0.00,2026-05-15,↓ 净流出
ST中路B,-0.00,2026-05-15,↓ 净流出
黄山Ｂ股,-0.00,2026-05-15,↓ 净流出
市北B股,-0.00,2026-05-15,↓ 净流出
陆家Ｂ股,-0.00,2026-05-15,↓ 净流出
东信Ｂ股,-0.00,2026-05-15,↓ 净流出
动力Ｂ股,-0.00,2026-05-15,↓ 净流出
鄂资Ｂ股,-0.00,2026-05-15,↓ 净流出
伊泰Ｂ股,-0.00,2026-05-15,↓ 净流出
机电Ｂ股,-0.00,2026-05-15,↓ 净流出
振华Ｂ股,-0.00,2026-05-15,↓ 净流出
老凤祥Ｂ,-0.00,2026-05-15,↓ 净流出
卫浴制品,-0.01,2026-05-15,↓ 净流出
楼宇设备,-0.01,2026-05-15,↓ 净流出
海洋捕捞,-0.01,2026-05-15,↓ 净流出
医疗研发外包,-0.01,2026-05-15,↓ 净流出
人力资源服务,-0.02,2026-05-15,↓ 净流出
综合电商,-0.02,2026-05-15,↓ 净流出
B股,-0.03,2026-05-15,↓ 净流出
公交,-0.03,2026-05-15,↓ 净流出
纺织鞋类制造,-0.03,2026-05-15,↓ 净流出
大宗用纸,-0.04,2026-05-15,↓ 净流出
卫浴电器,-0.05,2026-05-15,↓ 净流出
其他养殖,-0.05,2026-05-15,↓ 净流出
其他饰品,-0.06,2026-05-15,↓ 净流出
教育出版,-0.06,2026-05-15,↓ 净流出
会展服务,-0.06,2026-05-15,↓ 净流出
2025三季报预减,-0.07,2026-05-15,↓ 净流出
洗护用品,-0.08,2026-05-15,↓ 净流出
焦炭Ⅲ,-0.08,2026-05-15,↓ 净流出
焦炭Ⅱ,-0.08,2026-05-15,↓ 净流出
铁矿石,-0.08,2026-05-15,↓ 净流出
烘焙食品,-0.08,2026-05-15,↓ 净流出
厨房电器,-0.09,2026-05-15,↓ 净流出
公路货运,-0.09,2026-05-15,↓ 净流出
纺织化学制品,-0.09,2026-05-15,↓ 净流出
学历教育,-0.09,2026-05-15,↓ 净流出
院线,-0.09,2026-05-15,↓ 净流出
视频媒体,-0.10,2026-05-15,↓ 净流出
端到端供应链服务,-0.10,2026-05-15,↓ 净流出
商用载客车,-0.11,2026-05-15,↓ 净流出
水产养殖,-0.11,2026-05-15,↓ 净流出
渔业,-0.12,2026-05-15,↓ 净流出
零食,-0.13,2026-05-15,↓ 净流出
厨卫电器,-0.14,2026-05-15,↓ 净流出
个护小家电,-0.14,2026-05-15,↓ 净流出
民爆概念,-0.14,2026-05-15,↓ 净流出
燃料电池,-0.15,2026-05-15,↓ 净流出
食用菌,-0.15,2026-05-15,↓ 净流出
焦煤,-0.15,2026-05-15,↓ 净流出
托育服务,-0.17,2026-05-15,↓ 净流出
装修建材,-0.17,2026-05-15,↓ 净流出
肉鸡养殖,-0.18,2026-05-15,↓ 净流出
生态农业,-0.18,2026-05-15,↓ 净流出
涂料油墨,-0.19,2026-05-15,↓ 净流出
电视广播Ⅲ,-0.20,2026-05-15,↓ 净流出
电视广播Ⅱ,-0.20,2026-05-15,↓ 净流出
酒店,-0.20,2026-05-15,↓ 净流出
长材,-0.20,2026-05-15,↓ 净流出
房产租赁经纪,-0.20,2026-05-15,↓ 净流出
其他黑色家电,-0.20,2026-05-15,↓ 净流出
休闲食品,-0.20,2026-05-15,↓ 净流出
股权激励,-0.21,2026-05-15,↓ 净流出
其他橡胶制品,-0.21,2026-05-15,↓ 净流出
华为欧拉,-0.21,2026-05-15,↓ 净流出
京津冀,-0.23,2026-05-15,↓ 净流出
包装材料,-0.23,2026-05-15,↓ 净流出
餐饮,-0.24,2026-05-15,↓ 净流出
氦气概念,-0.25,2026-05-15,↓ 净流出
涤纶,-0.25,2026-05-15,↓ 净流出
磷肥及磷化工,-0.26,2026-05-15,↓ 净流出
商业地产,-0.26,2026-05-15,↓ 净流出
厨房小家电,-0.26,2026-05-15,↓ 净流出
高速公路,-0.28,2026-05-15,↓ 净流出
电商服务,-0.28,2026-05-15,↓ 净流出
钢铁管材,-0.29,2026-05-15,↓ 净流出
轮胎轮毂,-0.29,2026-05-15,↓ 净流出
物业管理,-0.30,2026-05-15,↓ 净流出
氯碱,-0.31,2026-05-15,↓ 净流出
跨境物流,-0.31,2026-05-15,↓ 净流出
涂料,-0.32,2026-05-15,↓ 净流出
调味发酵品Ⅲ,-0.32,2026-05-15,↓ 净流出
调味发酵品Ⅱ,-0.32,2026-05-15,↓ 净流出
果蔬加工,-0.33,2026-05-15,↓ 净流出
诊断服务,-0.36,2026-05-15,↓ 净流出
教育运营及其他,-0.36,2026-05-15,↓ 净流出
文化用品,-0.37,2026-05-15,↓ 净流出
文娱消费,-0.38,2026-05-15,↓ 净流出
其他酒类,-0.39,2026-05-15,↓ 净流出
宠物食品,-0.40,2026-05-15,↓ 净流出
乳品,-0.41,2026-05-15,↓ 净流出
租赁,-0.42,2026-05-15,↓ 净流出
粮油加工,-0.43,2026-05-15,↓ 净流出
酒店餐饮,-0.44,2026-05-15,↓ 净流出
信托,-0.44,2026-05-15,↓ 净流出
毛发医疗,-0.45,2026-05-15,↓ 净流出
人工景区,-0.45,2026-05-15,↓ 净流出
房地产服务,-0.45,2026-05-15,↓ 净流出
肉制品,-0.46,2026-05-15,↓ 净流出
草甘膦,-0.46,2026-05-15,↓ 净流出
大气治理,-0.49,2026-05-15,↓ 净流出
仓储物流,-0.50,2026-05-15,↓ 净流出
专业工程,-0.50,2026-05-15,↓ 净流出
耐火材料,-0.51,2026-05-15,↓ 净流出
粮食种植,-0.52,2026-05-15,↓ 净流出
火电设备,-0.53,2026-05-15,↓ 净流出
生猪养殖,-0.53,2026-05-15,↓ 净流出
价值股,-0.55,2026-05-15,↓ 净流出
民爆制品,-0.57,2026-05-15,↓ 净流出
纳米银,-0.57,2026-05-15,↓ 净流出
化妆品,-0.59,2026-05-15,↓ 净流出
微盘精选,-0.59,2026-05-15,↓ 净流出
CRO,-0.59,2026-05-15,↓ 净流出
基因测序,-0.60,2026-05-15,↓ 净流出
棉纺,-0.60,2026-05-15,↓ 净流出
农药兽药,-0.61,2026-05-15,↓ 净流出
多业态零售,-0.62,2026-05-15,↓ 净流出
文字媒体,-0.63,2026-05-15,↓ 净流出
钟表珠宝,-0.66,2026-05-15,↓ 净流出
保健品,-0.68,2026-05-15,↓ 净流出
熔盐储能,-0.70,2026-05-15,↓ 净流出
快递,-0.70,2026-05-15,↓ 净流出
饰品,-0.71,2026-05-15,↓ 净流出
其他通信设备,-0.74,2026-05-15,↓ 净流出
线下药店,-0.74,2026-05-15,↓ 净流出
原材料供应链服务,-0.75,2026-05-15,↓ 净流出
粘胶,-0.76,2026-05-15,↓ 净流出
养殖业,-0.76,2026-05-15,↓ 净流出
品牌化妆品,-0.78,2026-05-15,↓ 净流出
玻璃基板,-0.78,2026-05-15,↓ 净流出
鸡肉概念,-0.78,2026-05-15,↓ 净流出
机场,-0.81,2026-05-15,↓ 净流出
游戏Ⅲ,-0.81,2026-05-15,↓ 净流出
游戏Ⅱ,-0.81,2026-05-15,↓ 净流出
血液制品,-0.84,2026-05-15,↓ 净流出
旅游综合,-0.84,2026-05-15,↓ 净流出
化学工程,-0.85,2026-05-15,↓ 净流出
煤化工,-0.86,2026-05-15,↓ 净流出
猪肉概念,-0.87,2026-05-15,↓ 净流出
生活用纸,-0.88,2026-05-15,↓ 净流出
海绵城市,-0.88,2026-05-15,↓ 净流出
智慧灯杆,-0.88,2026-05-15,↓ 净流出
其他农产品加工,-0.88,2026-05-15,↓ 净流出
医疗美容,-0.91,2026-05-15,↓ 净流出
钢结构,-0.92,2026-05-15,↓ 净流出
金属包装,-0.95,2026-05-15,↓ 净流出
个护用品,-0.96,2026-05-15,↓ 净流出
化学纤维,-0.96,2026-05-15,↓ 净流出
摩托车及其他,-0.96,2026-05-15,↓ 净流出
可燃冰,-0.96,2026-05-15,↓ 净流出
医美耗材,-0.98,2026-05-15,↓ 净流出
纺织服装设备,-0.99,2026-05-15,↓ 净流出
聚氨酯,-1.01,2026-05-15,↓ 净流出
综合环境治理,-1.03,2026-05-15,↓ 净流出
机床工具,-1.04,2026-05-15,↓ 净流出
房屋建设Ⅲ,-1.04,2026-05-15,↓ 净流出
房屋建设Ⅱ,-1.04,2026-05-15,↓ 净流出
生物疫苗,-1.05,2026-05-15,↓ 净流出
船舶制造,-1.05,2026-05-15,↓ 净流出
食品加工,-1.05,2026-05-15,↓ 净流出
超市,-1.07,2026-05-15,↓ 净流出
土壤修复,-1.08,2026-05-15,↓ 净流出
钛白粉概念,-1.11,2026-05-15,↓ 净流出
国际工程,-1.11,2026-05-15,↓ 净流出
培训教育,-1.11,2026-05-15,↓ 净流出
啤酒,-1.11,2026-05-15,↓ 净流出
DRG/DIP,-1.13,2026-05-15,↓ 净流出
人脑工程,-1.13,2026-05-15,↓ 净流出
玻璃制造,-1.14,2026-05-15,↓ 净流出
综合乘用车,-1.14,2026-05-15,↓ 净流出
青蒿素,-1.14,2026-05-15,↓ 净流出
SPD概念,-1.15,2026-05-15,↓ 净流出
其他种植业,-1.16,2026-05-15,↓ 净流出
城商行Ⅲ,-1.16,2026-05-15,↓ 净流出
电工仪器仪表,-1.16,2026-05-15,↓ 净流出
跨境电商,-1.17,2026-05-15,↓ 净流出
人造肉,-1.20,2026-05-15,↓ 净流出
其他化学制品,-1.26,2026-05-15,↓ 净流出
旅游及景区,-1.28,2026-05-15,↓ 净流出
农商行Ⅲ,-1.28,2026-05-15,↓ 净流出
冶钢辅料,-1.29,2026-05-15,↓ 净流出
锂电专用设备,-1.30,2026-05-15,↓ 净流出
长寿药,-1.31,2026-05-15,↓ 净流出
港口,-1.31,2026-05-15,↓ 净流出
旅游零售Ⅲ,-1.33,2026-05-15,↓ 净流出
旅游零售Ⅱ,-1.33,2026-05-15,↓ 净流出
照明设备Ⅲ,-1.36,2026-05-15,↓ 净流出
照明设备Ⅱ,-1.36,2026-05-15,↓ 净流出
冶钢原料,-1.37,2026-05-15,↓ 净流出
硅料硅片,-1.38,2026-05-15,↓ 净流出
地热能,-1.38,2026-05-15,↓ 净流出
电子后视镜,-1.39,2026-05-15,↓ 净流出
专业服务,-1.39,2026-05-15,↓ 净流出
维生素,-1.40,2026-05-15,↓ 净流出
检测服务,-1.41,2026-05-15,↓ 净流出
软饮料,-1.47,2026-05-15,↓ 净流出
互联网电商,-1.47,2026-05-15,↓ 净流出
举牌,-1.48,2026-05-15,↓ 净流出
低碳冶金,-1.49,2026-05-15,↓ 净流出
百货,-1.49,2026-05-15,↓ 净流出
其他化学纤维,-1.50,2026-05-15,↓ 净流出
非白酒,-1.51,2026-05-15,↓ 净流出
社保重仓,-1.51,2026-05-15,↓ 净流出
教育,-1.57,2026-05-15,↓ 净流出
一般零售,-1.57,2026-05-15,↓ 净流出
MLOps概念,-1.58,2026-05-15,↓ 净流出
拼多多概念,-1.62,2026-05-15,↓ 净流出
特种纸,-1.64,2026-05-15,↓ 净流出
合成生物,-1.65,2026-05-15,↓ 净流出
农产品加工,-1.65,2026-05-15,↓ 净流出
微盘股,-1.67,2026-05-15,↓ 净流出
AB股,-1.67,2026-05-15,↓ 净流出
水泥,-1.68,2026-05-15,↓ 净流出
水泥制造,-1.68,2026-05-15,↓ 净流出
造纸,-1.69,2026-05-15,↓ 净流出
噪声防治,-1.71,2026-05-15,↓ 净流出
商用载货车,-1.71,2026-05-15,↓ 净流出
乳业,-1.72,2026-05-15,↓ 净流出
宁夏板块,-1.73,2026-05-15,↓ 净流出
摩托车,-1.73,2026-05-15,↓ 净流出
造纸印刷,-1.76,2026-05-15,↓ 净流出
医药流通,-1.76,2026-05-15,↓ 净流出
阿兹海默,-1.80,2026-05-15,↓ 净流出
交运设备,-1.81,2026-05-15,↓ 净流出
国有大型银行Ⅲ,-1.81,2026-05-15,↓ 净流出
商用车,-1.82,2026-05-15,↓ 净流出
期货,-1.82,2026-05-15,↓ 净流出
数字阅读,-1.85,2026-05-15,↓ 净流出
油气设服,-1.85,2026-05-15,↓ 净流出
宠物经济,-1.87,2026-05-15,↓ 净流出
农药,-1.87,2026-05-15,↓ 净流出
饮料乳品,-1.88,2026-05-15,↓ 净流出
新型工业化,-1.88,2026-05-15,↓ 净流出
钴,-1.88,2026-05-15,↓ 净流出
调味品概念,-1.89,2026-05-15,↓ 净流出
抗菌面料,-1.92,2026-05-15,↓ 净流出
页岩气,-1.93,2026-05-15,↓ 净流出
腾讯云,-1.94,2026-05-15,↓ 净流出
其他石化,-1.95,2026-05-15,↓ 净流出
股份制银行Ⅲ,-1.95,2026-05-15,↓ 净流出
EDA概念,-1.96,2026-05-15,↓ 净流出
胎压监测,-2.00,2026-05-15,↓ 净流出
增强现实,-2.05,2026-05-15,↓ 净流出
钼,-2.05,2026-05-15,↓ 净流出
金融信息服务,-2.10,2026-05-15,↓ 净流出
安防设备,-2.13,2026-05-15,↓ 净流出
疫苗,-2.14,2026-05-15,↓ 净流出
盲盒经济,-2.15,2026-05-15,↓ 净流出
肝素概念,-2.15,2026-05-15,↓ 净流出
航空运输,-2.19,2026-05-15,↓ 净流出
电子车牌,-2.19,2026-05-15,↓ 净流出
种子,-2.19,2026-05-15,↓ 净流出
磁性材料,-2.21,2026-05-15,↓ 净流出
重组蛋白,-2.30,2026-05-15,↓ 净流出
影视动漫制作,-2.34,2026-05-15,↓ 净流出
林业Ⅲ,-2.41,2026-05-15,↓ 净流出
林业Ⅱ,-2.41,2026-05-15,↓ 净流出
超跌股,-2.41,2026-05-15,↓ 净流出
水产概念,-2.43,2026-05-15,↓ 净流出
装修装饰Ⅲ,-2.43,2026-05-15,↓ 净流出
装修装饰Ⅱ,-2.43,2026-05-15,↓ 净流出
影视院线,-2.44,2026-05-15,↓ 净流出
预制菜概念,-2.44,2026-05-15,↓ 净流出
美容护理,-2.45,2026-05-15,↓ 净流出
物流,-2.46,2026-05-15,↓ 净流出
宁组合,-2.48,2026-05-15,↓ 净流出
其他金属新材料,-2.49,2026-05-15,↓ 净流出
ERP概念,-2.49,2026-05-15,↓ 净流出
医药商业,-2.51,2026-05-15,↓ 净流出
其他电源设备Ⅱ,-2.55,2026-05-15,↓ 净流出
低价股,-2.58,2026-05-15,↓ 净流出
专用设备,-2.61,2026-05-15,↓ 净流出
体外诊断概念,-2.63,2026-05-15,↓ 净流出
环氧丙烷,-2.65,2026-05-15,↓ 净流出
降解塑料,-2.67,2026-05-15,↓ 净流出
其他纺织,-2.70,2026-05-15,↓ 净流出
发电机概念,-2.71,2026-05-15,↓ 净流出
医疗设备,-2.71,2026-05-15,↓ 净流出
制冷空调设备,-2.75,2026-05-15,↓ 净流出
AIGC概念,-2.78,2026-05-15,↓ 净流出
幽门螺杆菌概念,-2.81,2026-05-15,↓ 净流出
电子纸概念,-2.88,2026-05-15,↓ 净流出
职业教育,-2.92,2026-05-15,↓ 净流出
电能综合服务,-2.92,2026-05-15,↓ 净流出
原料药,-2.94,2026-05-15,↓ 净流出
西藏板块,-2.98,2026-05-15,↓ 净流出
体外诊断,-2.99,2026-05-15,↓ 净流出
航空机场,-3.00,2026-05-15,↓ 净流出
社区团购,-3.01,2026-05-15,↓ 净流出
化妆品概念,-3.04,2026-05-15,↓ 净流出
土地流转,-3.06,2026-05-15,↓ 净流出
纺织服饰,-3.08,2026-05-15,↓ 净流出
沪企改革,-3.09,2026-05-15,↓ 净流出
纺织制造,-3.11,2026-05-15,↓ 净流出
旅游概念,-3.13,2026-05-15,↓ 净流出
地面兵装Ⅲ,-3.16,2026-05-15,↓ 净流出
地面兵装Ⅱ,-3.16,2026-05-15,↓ 净流出
华为海思,-3.17,2026-05-15,↓ 净流出
贸易Ⅲ,-3.22,2026-05-15,↓ 净流出
贸易Ⅱ,-3.22,2026-05-15,↓ 净流出
其他电源设备Ⅲ,-3.23,2026-05-15,↓ 净流出
数据确权,-3.23,2026-05-15,↓ 净流出
CAR-T细胞疗法,-3.23,2026-05-15,↓ 净流出
C2M概念,-3.24,2026-05-15,↓ 净流出
旅游酒店,-3.24,2026-05-15,↓ 净流出
非金属材料Ⅲ,-3.29,2026-05-15,↓ 净流出
非金属材料Ⅱ,-3.29,2026-05-15,↓ 净流出
数字水印,-3.30,2026-05-15,↓ 净流出
Web3.0,-3.31,2026-05-15,↓ 净流出
其他塑料制品,-3.33,2026-05-15,↓ 净流出
金融控股,-3.36,2026-05-15,↓ 净流出
产业地产,-3.36,2026-05-15,↓ 净流出
2026一季报预减,-3.38,2026-05-15,↓ 净流出
转基因,-3.40,2026-05-15,↓ 净流出
独家药品,-3.40,2026-05-15,↓ 净流出
啤酒概念,-3.55,2026-05-15,↓ 净流出
免疫治疗,-3.58,2026-05-15,↓ 净流出
轨交设备Ⅲ,-3.59,2026-05-15,↓ 净流出
轨交设备Ⅱ,-3.59,2026-05-15,↓ 净流出
医疗耗材,-3.61,2026-05-15,↓ 净流出
板材,-3.68,2026-05-15,↓ 净流出
医废处理,-3.69,2026-05-15,↓ 净流出
中俄贸易概念,-3.72,2026-05-15,↓ 净流出
工程咨询服务Ⅲ,-3.72,2026-05-15,↓ 净流出
工程咨询服务Ⅱ,-3.72,2026-05-15,↓ 净流出
租售同权,-3.73,2026-05-15,↓ 净流出
精准诊断,-3.81,2026-05-15,↓ 净流出
GDR,-3.83,2026-05-15,↓ 净流出
特色药,-3.90,2026-05-15,↓ 净流出
汽车拆解,-3.92,2026-05-15,↓ 净流出
钾肥,-3.95,2026-05-15,↓ 净流出
内蒙古,-4.00,2026-05-15,↓ 净流出
种植业,-4.02,2026-05-15,↓ 净流出
电子化学品Ⅲ,-4.09,2026-05-15,↓ 净流出
电子化学品Ⅱ,-4.09,2026-05-15,↓ 净流出
生物质能发电,-4.09,2026-05-15,↓ 净流出
共享经济,-4.10,2026-05-15,↓ 净流出
红利股,-4.16,2026-05-15,↓ 净流出
普钢,-4.17,2026-05-15,↓ 净流出
蓄电池及其他电池,-4.28,2026-05-15,↓ 净流出
快递概念,-4.29,2026-05-15,↓ 净流出
统一大市场,-4.30,2026-05-15,↓ 净流出
食品安全,-4.33,2026-05-15,↓ 净流出
红利破净股,-4.34,2026-05-15,↓ 净流出
综合Ⅲ,-4.38,2026-05-15,↓ 净流出
综合,-4.38,2026-05-15,↓ 净流出
综合Ⅱ,-4.38,2026-05-15,↓ 净流出
网红经济,-4.48,2026-05-15,↓ 净流出
彩电,-4.48,2026-05-15,↓ 净流出
甘肃板块,-4.50,2026-05-15,↓ 净流出
肝炎概念,-4.52,2026-05-15,↓ 净流出
风电零部件,-4.52,2026-05-15,↓ 净流出
社会服务,-4.55,2026-05-15,↓ 净流出
其他生物制品,-4.55,2026-05-15,↓ 净流出
免税概念,-4.58,2026-05-15,↓ 净流出
光伏辅材,-4.58,2026-05-15,↓ 净流出
冰雪经济,-4.60,2026-05-15,↓ 净流出
农化制品,-4.60,2026-05-15,↓ 净流出
燃料电池概念,-4.62,2026-05-15,↓ 净流出
智谱AI概念,-4.63,2026-05-15,↓ 净流出
住宅开发,-4.65,2026-05-15,↓ 净流出
黑色家电,-4.69,2026-05-15,↓ 净流出
金属新材料,-4.69,2026-05-15,↓ 净流出
精准医疗,-4.71,2026-05-15,↓ 净流出
山西板块,-4.72,2026-05-15,↓ 净流出
粮食概念,-4.74,2026-05-15,↓ 净流出
财税数字化,-4.78,2026-05-15,↓ 净流出
高带宽内存,-4.79,2026-05-15,↓ 净流出
智能电视,-4.84,2026-05-15,↓ 净流出
热力服务,-4.85,2026-05-15,↓ 净流出
通用航空,-4.88,2026-05-15,↓ 净流出
影视概念,-4.90,2026-05-15,↓ 净流出
新消费,-4.91,2026-05-15,↓ 净流出
风电整机,-4.93,2026-05-15,↓ 净流出
钢铁,-4.97,2026-05-15,↓ 净流出
空间计算,-5.02,2026-05-15,↓ 净流出
中药Ⅲ,-5.03,2026-05-15,↓ 净流出
中药Ⅱ,-5.03,2026-05-15,↓ 净流出
工业母机,-5.04,2026-05-15,↓ 净流出
固废治理,-5.24,2026-05-15,↓ 净流出
滨海新区,-5.29,2026-05-15,↓ 净流出
屏下摄像,-5.32,2026-05-15,↓ 净流出
吉林板块,-5.44,2026-05-15,↓ 净流出
工业气体,-5.45,2026-05-15,↓ 净流出
能源及重型设备,-5.48,2026-05-15,↓ 净流出
显示技术,-5.54,2026-05-15,↓ 净流出
婴童概念,-5.75,2026-05-15,↓ 净流出
基础建设,-5.86,2026-05-15,↓ 净流出
乡村振兴,-5.86,2026-05-15,↓ 净流出
风力发电,-5.95,2026-05-15,↓ 净流出
黑龙江,-6.03,2026-05-15,↓ 净流出
多模态AI,-6.13,2026-05-15,↓ 净流出
银行,-6.21,2026-05-15,↓ 净流出
银行Ⅱ,-6.21,2026-05-15,↓ 净流出
镍,-6.22,2026-05-15,↓ 净流出
跨境电商,-6.27,2026-05-15,↓ 净流出
基建市政工程,-6.27,2026-05-15,↓ 净流出
电池化学品,-6.38,2026-05-15,↓ 净流出
环境治理,-6.48,2026-05-15,↓ 净流出
农业种植,-6.65,2026-05-15,↓ 净流出
麒麟电池,-6.74,2026-05-15,↓ 净流出
磨具磨料,-6.95,2026-05-15,↓ 净流出
面板,-7.04,2026-05-15,↓ 净流出
昨日连板,-7.05,2026-05-15,↓ 净流出
零售概念,-7.09,2026-05-15,↓ 净流出
辅助生殖,-7.21,2026-05-15,↓ 净流出
光刻机(胶),-7.27,2026-05-15,↓ 净流出
被动元件,-7.30,2026-05-15,↓ 净流出
ChatGPT概念,-7.33,2026-05-15,↓ 净流出
在线教育,-7.35,2026-05-15,↓ 净流出
环保设备Ⅲ,-7.41,2026-05-15,↓ 净流出
环保设备Ⅱ,-7.41,2026-05-15,↓ 净流出
生物制品,-7.53,2026-05-15,↓ 净流出
商贸零售,-7.54,2026-05-15,↓ 净流出
农林牧渔,-7.61,2026-05-15,↓ 净流出
谷子经济,-7.70,2026-05-15,↓ 净流出
分立器件,-7.74,2026-05-15,↓ 净流出
重庆板块,-7.79,2026-05-15,↓ 净流出
培育钻石,-7.80,2026-05-15,↓ 净流出
参股保险,-7.82,2026-05-15,↓ 净流出
知识产权,-7.84,2026-05-15,↓ 净流出
跨境支付,-7.84,2026-05-15,↓ 净流出
多元金融,-8.08,2026-05-15,↓ 净流出
青海板块,-8.12,2026-05-15,↓ 净流出
地摊经济,-8.13,2026-05-15,↓ 净流出
智慧政务,-8.19,2026-05-15,↓ 净流出
航运,-8.22,2026-05-15,↓ 净流出
房地产开发,-8.27,2026-05-15,↓ 净流出
数字孪生,-8.34,2026-05-15,↓ 净流出
钠离子电池,-8.39,2026-05-15,↓ 净流出
海南板块,-8.41,2026-05-15,↓ 净流出
化学制剂,-8.41,2026-05-15,↓ 净流出
流感,-8.44,2026-05-15,↓ 净流出
塑料,-8.44,2026-05-15,↓ 净流出
REITs概念,-8.45,2026-05-15,↓ 净流出
房地产,-8.73,2026-05-15,↓ 净流出
横向通用软件,-8.86,2026-05-15,↓ 净流出
医美概念,-8.86,2026-05-15,↓ 净流出
减肥药,-8.90,2026-05-15,↓ 净流出
第四代半导体,-8.92,2026-05-15,↓ 净流出
光伏主材,-9.04,2026-05-15,↓ 净流出
UWB概念,-9.04,2026-05-15,↓ 净流出
3D玻璃,-9.28,2026-05-15,↓ 净流出
医疗器械,-9.31,2026-05-15,↓ 净流出
磁悬浮概念,-9.32,2026-05-15,↓ 净流出
风电设备,-9.45,2026-05-15,↓ 净流出
安徽板块,-9.47,2026-05-15,↓ 净流出
航运港口,-9.53,2026-05-15,↓ 净流出
线缆部件及其他,-9.62,2026-05-15,↓ 净流出
ETC,-9.64,2026-05-15,↓ 净流出
电动乘用车,-9.72,2026-05-15,↓ 净流出
国资云概念,-9.72,2026-05-15,↓ 净流出
装配建筑,-9.76,2026-05-15,↓ 净流出
创新医疗服务,-9.76,2026-05-15,↓ 净流出
IPv6,-9.88,2026-05-15,↓ 净流出
河南板块,-9.92,2026-05-15,↓ 净流出
上海自贸,-9.93,2026-05-15,↓ 净流出
辽宁板块,-10.01,2026-05-15,↓ 净流出
雅下水电概念,-10.04,2026-05-15,↓ 净流出
东北振兴,-10.10,2026-05-15,↓ 净流出
膜材料,-10.15,2026-05-15,↓ 净流出
IT服务Ⅲ,-10.33,2026-05-15,↓ 净流出
IT服务Ⅱ,-10.33,2026-05-15,↓ 净流出
集成电路制造,-10.44,2026-05-15,↓ 净流出
电网自动化设备,-10.50,2026-05-15,↓ 净流出
航母概念,-10.54,2026-05-15,↓ 净流出
病毒防治,-10.74,2026-05-15,↓ 净流出
科创板做市商,-10.75,2026-05-15,↓ 净流出
VPN,-10.77,2026-05-15,↓ 净流出
PEEK材料概念,-10.81,2026-05-15,↓ 净流出
乘用车,-10.86,2026-05-15,↓ 净流出
天然气,-10.98,2026-05-15,↓ 净流出
北交所概念,-11.01,2026-05-15,↓ 净流出
白银,-11.15,2026-05-15,↓ 净流出
华为昇腾,-11.19,2026-05-15,↓ 净流出
半导体材料,-11.24,2026-05-15,↓ 净流出
钨,-11.25,2026-05-15,↓ 净流出
光伏加工设备,-11.29,2026-05-15,↓ 净流出
其他电子Ⅲ,-11.34,2026-05-15,↓ 净流出
其他电子Ⅱ,-11.34,2026-05-15,↓ 净流出
化学制药,-11.36,2026-05-15,↓ 净流出
光学元件,-11.37,2026-05-15,↓ 净流出
贵州板块,-11.45,2026-05-15,↓ 净流出
全息技术,-11.47,2026-05-15,↓ 净流出
垃圾分类,-11.56,2026-05-15,↓ 净流出
通信终端及配件,-11.59,2026-05-15,↓ 净流出
碳基材料,-11.60,2026-05-15,↓ 净流出
智能家居,-11.63,2026-05-15,↓ 净流出
中盘价值,-11.64,2026-05-15,↓ 净流出
单抗概念,-11.76,2026-05-15,↓ 净流出
植物照明,-11.77,2026-05-15,↓ 净流出
河北板块,-11.79,2026-05-15,↓ 净流出
微利股,-11.89,2026-05-15,↓ 净流出
时空大数据,-12.30,2026-05-15,↓ 净流出
元宇宙概念,-12.38,2026-05-15,↓ 净流出
昨日连板_含一字,-12.46,2026-05-15,↓ 净流出
AI智能体,-12.55,2026-05-15,↓ 净流出
化债(AMC)概念,-12.68,2026-05-15,↓ 净流出
中药概念,-12.74,2026-05-15,↓ 净流出
煤化工概念,-12.74,2026-05-15,↓ 净流出
创新药,-12.78,2026-05-15,↓ 净流出
垂直应用软件,-12.88,2026-05-15,↓ 净流出
EDR概念,-13.04,2026-05-15,↓ 净流出
混合现实,-13.16,2026-05-15,↓ 净流出
油气资源,-13.29,2026-05-15,↓ 净流出
保险Ⅲ,-13.39,2026-05-15,↓ 净流出
保险Ⅱ,-13.39,2026-05-15,↓ 净流出
新零售,-13.40,2026-05-15,↓ 净流出
建筑装饰,-13.55,2026-05-15,↓ 净流出
ST股,-13.59,2026-05-15,↓ 净流出
LED,-13.68,2026-05-15,↓ 净流出
新型城镇化,-13.72,2026-05-15,↓ 净流出
环保,-13.90,2026-05-15,↓ 净流出
钒电池,-13.97,2026-05-15,↓ 净流出
黄金,-14.04,2026-05-15,↓ 净流出
网络游戏,-14.06,2026-05-15,↓ 净流出
虚拟机器人,-14.09,2026-05-15,↓ 净流出
海南自贸,-14.12,2026-05-15,↓ 净流出
复合集流体,-14.22,2026-05-15,↓ 净流出
荣耀概念,-14.45,2026-05-15,↓ 净流出
交通运输,-14.49,2026-05-15,↓ 净流出
病原体防治,-14.65,2026-05-15,↓ 净流出
互联网服务,-14.82,2026-05-15,↓ 净流出
汽车整车,-14.91,2026-05-15,↓ 净流出
稀土永磁,-15.01,2026-05-15,↓ 净流出
内贸流通,-15.26,2026-05-15,↓ 净流出
空间站概念,-15.34,2026-05-15,↓ 净流出
铅锌,-15.38,2026-05-15,↓ 净流出
养老概念,-15.90,2026-05-15,↓ 净流出
安防概念,-16.02,2026-05-15,↓ 净流出
3D摄像头,-16.35,2026-05-15,↓ 净流出
高压快充,-16.59,2026-05-15,↓ 净流出
工程建设,-16.68,2026-05-15,↓ 净流出
磷化工,-17.13,2026-05-15,↓ 净流出
航天装备Ⅲ,-17.29,2026-05-15,↓ 净流出
航天装备Ⅱ,-17.29,2026-05-15,↓ 净流出
次新股,-17.42,2026-05-15,↓ 净流出
刀片电池,-17.44,2026-05-15,↓ 净流出
换电概念,-17.55,2026-05-15,↓ 净流出
铝,-17.74,2026-05-15,↓ 净流出
IPO受益,-17.99,2026-05-15,↓ 净流出
航空装备Ⅲ,-18.18,2026-05-15,↓ 净流出
航空装备Ⅱ,-18.18,2026-05-15,↓ 净流出
氮化镓,-18.18,2026-05-15,↓ 净流出
火力发电,-18.22,2026-05-15,↓ 净流出
IGBT概念,-18.27,2026-05-15,↓ 净流出
碳纤维,-18.31,2026-05-15,↓ 净流出
激光雷达,-18.79,2026-05-15,↓ 净流出
激光设备,-18.82,2026-05-15,↓ 净流出
柔性屏(折叠屏),-18.90,2026-05-15,↓ 净流出
锂,-19.17,2026-05-15,↓ 净流出
中芯概念,-19.24,2026-05-15,↓ 净流出
白酒Ⅲ,-19.27,2026-05-15,↓ 净流出
白酒Ⅱ,-19.27,2026-05-15,↓ 净流出
并购重组概念,-19.39,2026-05-15,↓ 净流出
陕西板块,-19.59,2026-05-15,↓ 净流出
AI应用,-19.71,2026-05-15,↓ 净流出
模拟芯片设计,-20.19,2026-05-15,↓ 净流出
虚拟电厂,-20.36,2026-05-15,↓ 净流出
水利建设,-20.68,2026-05-15,↓ 净流出
数字货币,-20.68,2026-05-15,↓ 净流出
酿酒概念,-20.80,2026-05-15,↓ 净流出
光伏发电,-20.89,2026-05-15,↓ 净流出
味蕾经济,-21.18,2026-05-15,↓ 净流出
医疗器械概念,-21.71,2026-05-15,↓ 净流出
软件开发,-21.74,2026-05-15,↓ 净流出
移动支付,-22.06,2026-05-15,↓ 净流出
长期破净,-22.29,2026-05-15,↓ 净流出
2025三季报预增,-22.41,2026-05-15,↓ 净流出
其他小金属,-22.47,2026-05-15,↓ 净流出
超级品牌,-22.64,2026-05-15,↓ 净流出
白酒,-22.71,2026-05-15,↓ 净流出
小盘价值,-22.94,2026-05-15,↓ 净流出
2026一季报扭亏,-22.94,2026-05-15,↓ 净流出
锂电池,-23.04,2026-05-15,↓ 净流出
MLCC,-23.14,2026-05-15,↓ 净流出
参股新三板,-23.78,2026-05-15,↓ 净流出
新疆板块,-23.80,2026-05-15,↓ 净流出
超超临界发电,-23.90,2026-05-15,↓ 净流出
电子烟,-24.12,2026-05-15,↓ 净流出
食品饮料,-24.23,2026-05-15,↓ 净流出
PPP模式,-24.38,2026-05-15,↓ 净流出
WiFi,-24.72,2026-05-15,↓ 净流出
玻纤制造,-24.90,2026-05-15,↓ 净流出
先进封装,-24.93,2026-05-15,↓ 净流出
破发股,-25.00,2026-05-15,↓ 净流出
边缘计算,-25.01,2026-05-15,↓ 净流出
贵金属,-25.19,2026-05-15,↓ 净流出
传感器,-25.45,2026-05-15,↓ 净流出
MicroLED,-25.82,2026-05-15,↓ 净流出
军工电子Ⅲ,-25.83,2026-05-15,↓ 净流出
军工电子Ⅱ,-25.83,2026-05-15,↓ 净流出
输变电设备,-26.00,2026-05-15,↓ 净流出
玻璃玻纤,-26.03,2026-05-15,↓ 净流出
小米汽车,-26.13,2026-05-15,↓ 净流出
独角兽,-26.44,2026-05-15,↓ 净流出
航天航空,-26.57,2026-05-15,↓ 净流出
成渝特区,-26.60,2026-05-15,↓ 净流出
光伏电池组件,-26.76,2026-05-15,↓ 净流出
湖南板块,-26.77,2026-05-15,↓ 净流出
小金属,-26.92,2026-05-15,↓ 净流出
数字经济,-27.12,2026-05-15,↓ 净流出
能源金属,-27.27,2026-05-15,↓ 净流出
互联医疗,-27.66,2026-05-15,↓ 净流出
BC电池,-27.75,2026-05-15,↓ 净流出
建筑材料,-27.89,2026-05-15,↓ 净流出
超导概念,-28.20,2026-05-15,↓ 净流出
被动元件概念,-28.41,2026-05-15,↓ 净流出
铁路基建,-28.64,2026-05-15,↓ 净流出
抽水蓄能,-28.84,2026-05-15,↓ 净流出
钙钛矿电池,-29.19,2026-05-15,↓ 净流出
蚂蚁概念,-29.47,2026-05-15,↓ 净流出
核能核电,-29.50,2026-05-15,↓ 净流出
湖北自贸,-29.70,2026-05-15,↓ 净流出
碳交易,-30.13,2026-05-15,↓ 净流出
电商概念,-30.38,2026-05-15,↓ 净流出
破净股,-30.51,2026-05-15,↓ 净流出
江西板块,-31.10,2026-05-15,↓ 净流出
大飞机,-31.59,2026-05-15,↓ 净流出
超级电容,-31.91,2026-05-15,↓ 净流出
雄安新区,-31.98,2026-05-15,↓ 净流出
光伏设备,-32.02,2026-05-15,↓ 净流出
光学光电子,-32.09,2026-05-15,↓ 净流出
茅指数,-32.30,2026-05-15,↓ 净流出
昨日首板,-32.42,2026-05-15,↓ 净流出
无线耳机,-32.45,2026-05-15,↓ 净流出
AI手机,-33.68,2026-05-15,↓ 净流出
云南板块,-33.74,2026-05-15,↓ 净流出
其他计算机设备,-33.92,2026-05-15,↓ 净流出
参股期货,-34.33,2026-05-15,↓ 净流出
消费电子,-34.52,2026-05-15,↓ 净流出
消费电子零部件及组装,-34.60,2026-05-15,↓ 净流出
电网设备,-34.83,2026-05-15,↓ 净流出
电池,-35.15,2026-05-15,↓ 净流出
动力电池回收,-35.38,2026-05-15,↓ 净流出
医药生物,-35.53,2026-05-15,↓ 净流出
证券Ⅲ,-35.60,2026-05-15,↓ 净流出
证券Ⅱ,-35.60,2026-05-15,↓ 净流出
计算机设备,-36.05,2026-05-15,↓ 净流出
虚拟现实,-36.26,2026-05-15,↓ 净流出
昨日涨停,-36.58,2026-05-15,↓ 净流出
特斯拉概念,-37.06,2026-05-15,↓ 净流出
2025年报扭亏,-37.35,2026-05-15,↓ 净流出
工业互联,-37.46,2026-05-15,↓ 净流出
HJT电池,-38.90,2026-05-15,↓ 净流出
鸿蒙概念,-38.92,2026-05-15,↓ 净流出
浙江板块,-39.09,2026-05-15,↓ 净流出
北京板块,-39.18,2026-05-15,↓ 净流出
北斗导航,-39.48,2026-05-15,↓ 净流出
蓝宝石,-40.61,2026-05-15,↓ 净流出
氢能源,-40.70,2026-05-15,↓ 净流出
数据要素,-40.86,2026-05-15,↓ 净流出
石墨烯,-41.25,2026-05-15,↓ 净流出
智能穿戴,-41.46,2026-05-15,↓ 净流出
东数西算,-41.81,2026-05-15,↓ 净流出
数据安全,-42.16,2026-05-15,↓ 净流出
券商概念,-42.21,2026-05-15,↓ 净流出
国产软件,-42.53,2026-05-15,↓ 净流出
抖音概念(字节概念),-42.66,2026-05-15,↓ 净流出
山东板块,-44.40,2026-05-15,↓ 净流出
TOPCon电池,-44.71,2026-05-15,↓ 净流出
四川板块,-45.62,2026-05-15,↓ 净流出
昨日涨停_含一字,-45.77,2026-05-15,↓ 净流出
央视50_,-46.48,2026-05-15,↓ 净流出
3D打印,-47.34,2026-05-15,↓ 净流出
无线充电,-47.57,2026-05-15,↓ 净流出
天津板块,-47.97,2026-05-15,↓ 净流出
毫米波概念,-48.12,2026-05-15,↓ 净流出
海洋经济,-48.14,2026-05-15,↓ 净流出
反内卷概念,-48.56,2026-05-15,↓ 净流出
公用事业,-49.52,2026-05-15,↓ 净流出
电力,-49.59,2026-05-15,↓ 净流出
智慧城市,-50.81,2026-05-15,↓ 净流出
超清视频,-51.61,2026-05-15,↓ 净流出
中字头,-52.10,2026-05-15,↓ 净流出
无人机,-52.13,2026-05-15,↓ 净流出
铜,-52.37,2026-05-15,↓ 净流出
破增发价股,-52.84,2026-05-15,↓ 净流出
绿色电力,-53.58,2026-05-15,↓ 净流出
碳化硅,-55.68,2026-05-15,↓ 净流出
汽车芯片,-55.91,2026-05-15,↓ 净流出
英伟达概念,-55.98,2026-05-15,↓ 净流出
转债标的,-57.04,2026-05-15,↓ 净流出
非银金融,-57.06,2026-05-15,↓ 净流出
2025年报预减,-58.68,2026-05-15,↓ 净流出
节能环保,-59.32,2026-05-15,↓ 净流出
铜缆高速连接,-59.60,2026-05-15,↓ 净流出
可控核聚变,-59.83,2026-05-15,↓ 净流出
中特估,-61.80,2026-05-15,↓ 净流出
福建板块,-62.22,2026-05-15,↓ 净流出
养老金,-62.25,2026-05-15,↓ 净流出
6G概念,-62.33,2026-05-15,↓ 净流出
通信线缆及配套,-63.13,2026-05-15,↓ 净流出
低空经济,-64.19,2026-05-15,↓ 净流出
国防军工,-64.42,2026-05-15,↓ 净流出
大盘价值,-65.51,2026-05-15,↓ 净流出
阿里概念,-65.84,2026-05-15,↓ 净流出
锂矿概念,-67.80,2026-05-15,↓ 净流出
计算机,-68.12,2026-05-15,↓ 净流出
网络安全,-68.14,2026-05-15,↓ 净流出
MiniLED,-68.87,2026-05-15,↓ 净流出
参股银行,-69.47,2026-05-15,↓ 净流出
车联网(车路云),-71.56,2026-05-15,↓ 净流出
卫星互联网,-73.51,2026-05-15,↓ 净流出
LED概念,-74.07,2026-05-15,↓ 净流出
创投,-74.50,2026-05-15,↓ 净流出
消费电子概念,-74.84,2026-05-15,↓ 净流出
海工装备,-75.36,2026-05-15,↓ 净流出
参股券商,-75.56,2026-05-15,↓ 净流出
小米概念,-76.06,2026-05-15,↓ 净流出
行业龙头,-76.57,2026-05-15,↓ 净流出
百度概念,-76.58,2026-05-15,↓ 净流出
湖北板块,-76.76,2026-05-15,↓ 净流出
AIPC,-76.81,2026-05-15,↓ 净流出
风能,-77.44,2026-05-15,↓ 净流出
区块链,-77.88,2026-05-15,↓ 净流出
AI眼镜,-78.42,2026-05-15,↓ 净流出
军民融合,-78.89,2026-05-15,↓ 净流出
F5G概念,-79.22,2026-05-15,↓ 净流出
互联网金融,-81.42,2026-05-15,↓ 净流出
固态电池,-81.47,2026-05-15,↓ 净流出
通信网络设备及器件,-83.17,2026-05-15,↓ 净流出
机器人概念,-84.08,2026-05-15,↓ 净流出
AI芯片,-84.48,2026-05-15,↓ 净流出
工业金属,-85.48,2026-05-15,↓ 净流出
无人驾驶,-87.47,2026-05-15,↓ 净流出
历史新高,-88.66,2026-05-15,↓ 净流出
云计算,-91.09,2026-05-15,↓ 净流出
第三代半导体,-91.60,2026-05-15,↓ 净流出
苹果概念,-91.66,2026-05-15,↓ 净流出
特高压,-92.62,2026-05-15,↓ 净流出
贬值受益,-94.01,2026-05-15,↓ 净流出
量子科技,-94.22,2026-05-15,↓ 净流出
新能源车,-94.34,2026-05-15,↓ 净流出
DeepSeek概念,-94.51,2026-05-15,↓ 净流出
昨日高换手,-95.15,2026-05-15,↓ 净流出
QFII重仓,-97.38,2026-05-15,↓ 净流出
印制电路板,-98.52,2026-05-15,↓ 净流出
电力设备,-99.18,2026-05-15,↓ 净流出
黄金概念,-100.19,2026-05-15,↓ 净流出
充电桩,-101.31,2026-05-15,↓ 净流出
创业成份,-105.22,2026-05-15,↓ 净流出
元件,-105.82,2026-05-15,↓ 净流出
液冷概念,-106.11,2026-05-15,↓ 净流出
稀缺资源,-106.33,2026-05-15,↓ 净流出
智能电网,-107.09,2026-05-15,↓ 净流出
电网概念,-116.17,2026-05-15,↓ 净流出
深证100R,-119.18,2026-05-15,↓ 净流出
新材料,-119.66,2026-05-15,↓ 净流出
上海板块,-121.20,2026-05-15,↓ 净流出
长江三角,-124.38,2026-05-15,↓ 净流出
上证50_,-124.39,2026-05-15,↓ 净流出
军工,-127.69,2026-05-15,↓ 净流出
权重股,-127.93,2026-05-15,↓ 净流出
新能源,-128.86,2026-05-15,↓ 净流出
百日新高,-130.63,2026-05-15,↓ 净流出
2026一季报预增,-133.14,2026-05-15,↓ 净流出
最近多板,-133.78,2026-05-15,↓ 净流出
OLED,-134.18,2026-05-15,↓ 净流出
储能概念,-134.81,2026-05-15,↓ 净流出
近期新高,-141.69,2026-05-15,↓ 净流出
大数据,-142.64,2026-05-15,↓ 净流出
AH股,-143.07,2026-05-15,↓ 净流出
小盘成长,-143.72,2026-05-15,↓ 净流出
存储芯片,-144.09,2026-05-15,↓ 净流出
信创,-146.86,2026-05-15,↓ 净流出
数字芯片设计,-148.28,2026-05-15,↓ 净流出
江苏板块,-148.60,2026-05-15,↓ 净流出
数据中心,-152.16,2026-05-15,↓ 净流出
专精特新,-152.54,2026-05-15,↓ 净流出
通信,-153.56,2026-05-15,↓ 净流出
人工智能,-155.99,2026-05-15,↓ 净流出
小金属概念,-157.48,2026-05-15,↓ 净流出
锂电池概念,-157.68,2026-05-15,↓ 净流出
物联网,-158.10,2026-05-15,↓ 净流出
通信设备,-158.63,2026-05-15,↓ 净流出
西部大开发,-158.78,2026-05-15,↓ 净流出
CPO概念,-159.91,2026-05-15,↓ 净流出
商业航天,-160.59,2026-05-15,↓ 净流出
证金持股,-163.81,2026-05-15,↓ 净流出
深圳特区,-164.99,2026-05-15,↓ 净流出
上证380,-167.30,2026-05-15,↓ 净流出
有色金属,-169.56,2026-05-15,↓ 净流出
电池技术,-177.11,2026-05-15,↓ 净流出
光纤概念,-178.41,2026-05-15,↓ 净流出
PCB,-179.83,2026-05-15,↓ 净流出
半导体,-181.21,2026-05-15,↓ 净流出
基金重仓,-196.01,2026-05-15,↓ 净流出
一带一路,-196.56,2026-05-15,↓ 净流出
算力概念,-201.17,2026-05-15,↓ 净流出
周期股,-203.84,2026-05-15,↓ 净流出
光伏概念,-205.11,2026-05-15,↓ 净流出
中盘成长,-210.45,2026-05-15,↓ 净流出
上证180_,-218.19,2026-05-15,↓ 净流出
大盘成长,-229.65,2026-05-15,↓ 净流出
小盘股,-237.28,2026-05-15,↓ 净流出
机构重仓,-246.36,2026-05-15,↓ 净流出
创业板综,-250.72,2026-05-15,↓ 净流出
广东板块,-265.82,2026-05-15,↓ 净流出
光通信模块,-266.88,2026-05-15,↓ 净流出
东方财富热股,-268.88,2026-05-15,↓ 净流出
中盘股,-298.79,2026-05-15,↓ 净流出
中证500,-304.81,2026-05-15,↓ 净流出
华为概念,-331.16,2026-05-15,↓ 净流出
半导体概念,-331.83,2026-05-15,↓ 净流出
昨日高振幅,-332.80,2026-05-15,↓ 净流出
2025年报预增,-340.46,2026-05-15,↓ 净流出
HS300_,-359.05,2026-05-15,↓ 净流出
国产芯片,-359.85,2026-05-15,↓ 净流出
电子,-369.07,2026-05-15,↓ 净流出
央国企改革,-382.98,2026-05-15,↓ 净流出
5G概念,-388.41,2026-05-15,↓ 净流出
深成500,-391.56,2026-05-15,↓ 净流出
百元股,-416.36,2026-05-15,↓ 净流出
通信技术,-435.18,2026-05-15,↓ 净流出
大盘股,-460.34,2026-05-15,↓ 净流出
标准普尔,-498.56,2026-05-15,↓ 净流出
深股通,-533.32,2026-05-15,↓ 净流出
沪股通,-546.51,2026-05-15,↓ 净流出
MSCI中国,-661.52,2026-05-15,↓ 净流出
富时罗素,-669.43,2026-05-15,↓ 净流出
融资融券,-1058.98,2026-05-15,↓ 净流出
